Video ID,Video Title (Original),Approx Duration (ms),Video Publish Timestamp
y-Yi9f4AnQA,How to improve UiPath OCR with Google Cloud Vision - A Comparison,222000,2020-08-25T15:29:36+00:00
clxw6pZ1uhY,Send Gmail Emails with UiPath Example,298000,2020-08-25T16:38:04+00:00
ZnpQgcwvAOY,Send Email Attachments from Gmail with UiPath Tutorial,301000,2020-08-25T16:50:49+00:00
varLbfY5lPM,How to Send Outlook Emails in UiPath Tutorial,176000,2020-08-25T17:17:14+00:00
V8J0Pco6Ggs,Send Outlook Attachments in UiPath Automation Example,173000,2020-08-25T17:23:48+00:00
x_713hTRsic,UiPath Web Scraping Tutorial,330000,2020-08-25T23:35:55+00:00
AxWGAEinzG4,HTML Data Scraping in UiPath Example,318000,2020-08-25T23:49:59+00:00
NPpEUSp1AwY,Data Scrape Web Text to Excel with UiPath Example,467000,2020-08-26T00:14:57+00:00
kkFpiNmseos,Web Scrape and Follow URL Links in UiPath Example Tutorial,592000,2020-08-26T01:32:37+00:00
cHzL31ylZ2Q,Fix UiPath Activity Missing and Not Loaded Error,84000,2020-08-26T10:53:22+00:00
Pr1p9xFtl2A,Switch UiPath Orchestrator language back to English,15000,2020-08-26T11:32:30+00:00
xlkglQNftsM,How to register for UiPath Orchestrator online,69000,2020-08-26T22:33:22+00:00
oScpZgl32Do,How to Deploy to UiPath Orchestrator Example,463000,2020-08-27T14:58:12+00:00
dXSbCcYocZE,Configure UiPath Assistant Machine Key and Orchestrator URL,512000,2020-08-27T15:30:28+00:00
yWpJ6xZ9BKw,How to Publish to UiPath Orchestrator Tutorial,474000,2020-08-27T15:51:03+00:00
xtpk2RORXDA,Create an Unattended Robot in UiPath Orchestrator Tutorial,553000,2020-08-27T16:42:48+00:00
AfxXyUvEYKQ,Run the Hello World Robot in UiPath Orchestrator,637000,2020-08-27T18:14:02+00:00
db3uqUmI3dI,UiPath Orchestrator Process Tutorial,541000,2020-08-27T19:00:52+00:00
At7sAG8SR-M,UiPath Orchestrator Trigger Example,130000,2020-08-27T19:13:41+00:00
DQfUp0pgMu8,How to create UiPath Queues tutorial,613000,2020-09-01T15:12:51+00:00
2EZcWbGoAw8,How to read data from a UiPath Queue Item Tutorial,619000,2020-09-01T15:22:38+00:00
WPzTKyOGO-g,How to add QueueItem data to a Uipath Queue Tutorial,649000,2020-09-01T15:39:47+00:00
3X1BZ0pSSp0,How to Get and Set UiPath Queue Transactions Tutorial,676000,2020-09-01T16:06:22+00:00
b8m6x4uKPR4,How to set and increase a UiPath robot's screen resolution,129000,2020-09-02T01:57:59+00:00
YyuB_qOC8ec,UiPath Invalid Machine Key Error Fix,145000,2020-09-02T15:00:10+00:00
ZNJOnBM4GNw,Simple Apache Struts 2.5 Example,777000,2020-09-09T17:19:08+00:00
ZxkkFpT3AxE,Apache Struts with Eclipse and Tomcat Example,776000,2020-09-10T00:20:29+00:00
2sFj55APbr0,Struts Hello World Example v. 2.5,853000,2020-09-10T01:28:53+00:00
N1s02_4iKTk,Struts Tags and the Struts 2 Taglib library for HTML in JSPs,445000,2020-09-10T19:09:50+00:00
76UAMZQaEWs,Struts Form Handling and Annotation Action Mappings Tutorial,780000,2020-09-10T22:35:59+00:00
1jMiBI9Ndtk,Form Validation Example Apache Struts Tutorial,445000,2020-09-11T12:41:46+00:00
7Ch9g8rf3_k,"Annotations, Struts 2 Actions and Properties Files as Message Bundles Tutorial",589000,2020-09-11T14:40:40+00:00
0WHRxBywMBs,Struts 2 i18n with ApplicationResources as MessageResources Properties File,489000,2020-09-11T15:41:41+00:00
pYecezvPoQs,Exception Handling with Struts 2 Annotations,521000,2020-09-11T17:23:04+00:00
mJ-wfj5CWXM,Apache Struts Debugging Tools Tutorial v2.5,292000,2020-09-11T18:14:30+00:00
4bHvqfO_zM8,Struts Input Validation with Annotation Based Validators,561000,2020-09-11T20:18:16+00:00
AS_tLUyTrwg,How to use Apache Struts interceptors tutorial,413000,2020-09-11T22:04:20+00:00
505MUXVzoJY,Apache Struts Unit Testing with JUnit Tutorial,449000,2020-09-11T23:29:53+00:00
ZPCKKHwg1nQ,How to Integrate Struts and Ajax Tutorial,814000,2020-09-12T18:24:10+00:00
PTNtxAjuQL8,Struts jQuery Plugin Tutorial,808000,2020-09-12T18:51:55+00:00
q0-HDbAvPB4,Apache Struts 2 File Upload Example Tutorial,995000,2020-09-13T00:14:24+00:00
1G6MuNJch68,How to Push an Empty Git Folder or Directory Example,233000,2020-09-13T16:23:31+00:00
PdJqFpxA9zA,What is .gitkeep in Git? Plus an example.,293000,2020-09-13T16:42:33+00:00
Bnae9dgHgL8,jQuery File Upload Example,490000,2020-09-19T21:28:50+00:00
5oQVVbjSgjQ,jQuery & Ajax File Upload Example,520000,2020-09-19T21:47:11+00:00
UWMyOleUbys,PHP File Upload Example,395000,2020-09-19T22:20:05+00:00
EEfXGYxIegA,HTML File Upload Tutorial with an HTML5 Input Form,420000,2020-09-19T22:50:35+00:00
tw11tQ8Qys8,HTML and PHP File Upload Example on Apache,394000,2020-09-19T23:17:51+00:00
vBCU2Upno0c,Pure JavaScript File Upload Example,501000,2020-09-19T23:42:07+00:00
5Pd7twWZBzU,JavaScript and Ajax File Upload Example,455000,2020-09-20T13:53:36+00:00
GJeRvHVUSco,Ajax File Upload in PHP Example,510000,2020-09-20T15:48:59+00:00
c2sZlFeL5bU,Simple JSP and Servlet File Upload Example,798000,2020-09-20T22:53:18+00:00
e9b9f4wfdIg,File Upload with Java Example,781000,2020-09-20T23:21:49+00:00
gbqeN982ulY,Fix the Maven Compliance Specified is JDK 1.5 not JRE 1.8 Error Problem,188000,2020-09-21T12:46:42+00:00
SDbOnpq11qg,Maven Compiler Plugin Java 8 Dependency Example,160000,2020-09-21T13:03:36+00:00
hHLxdUNn-Dg,Simple Spring Boot File Upload Example,725000,2020-09-22T01:02:52+00:00
6Zlo5Kf-CV4,Multiple Values Per Key in Java Maps Example,441000,2020-09-22T03:59:07+00:00
afqVGMWTaDQ,Fix Eclipse's SerialVersionUID Warning Error,166000,2020-09-22T13:13:44+00:00
Jd2jPvv_1uo,Fix Maven's web.xml is MissingError,181000,2020-09-22T13:55:56+00:00
pj5nZTsWbw0,How Sass Variables Work,177000,2020-09-25T00:58:33+00:00
CEKchq3Gvzg,Quick Sass Mixins Example,175000,2020-09-26T19:12:08+00:00
OFmG7l4GzGg,Getting started with GitHub Pages,568000,2020-10-05T11:56:08+00:00
qJSM8oCB3mU,Use Your Custom Godaddy Domain Name for Github Pages,305000,2020-10-06T18:07:19+00:00
X2AGYqIy4kk,UiPath Certification Exam Objectives: RPA Overview,638000,2020-10-15T17:11:04+00:00
0OlcFjk3GVU,Install JDK 11 with AdoptOpenJDK (Eclipse Adoptium) Example,295000,2020-10-29T17:09:39+00:00
0YZzAQKGtvo,How to Install Tomcat 10 for Jakarta Development,306000,2020-10-29T18:22:31+00:00
pVfWYjAtRcE,Install Eclipse IDE for Jakarta EE Dev,345000,2020-10-29T20:19:56+00:00
N-SKiqoHBnY,How to Install Git,414000,2020-10-30T17:14:46+00:00
UwWv4bpEeLI,How to Install Git with Notepad++ as the Editor,459000,2020-10-30T17:55:07+00:00
r5nEaq0PcGU,How to Set the Default Git Branch Name from Master to Main,184000,2020-10-30T18:58:40+00:00
oJtvIFnuqbI,Change Git's Init Branch Name Default,153000,2020-10-30T19:16:26+00:00
xsfRSrDgBWI,Use the latest Tomcat Version in the Eclipse IDE even if Apache Tomcat's Unsupported,481000,2020-10-30T22:17:33+00:00
lEot4GNBLxE,GitHub Pages HTML,429000,2020-11-03T15:44:09+00:00
VDOyjwWPKs4,Jekyll Markdown and GitHub Pages,517000,2020-11-03T19:45:40+00:00
kFTDPjWqCaM,"Jekyll Front Matter and Liquid Objects, Tags and Filters",524000,2020-11-04T00:21:01+00:00
MRyZmkTdo9A,Jekyll Blog Development Tutorial on GitHub Pages Example,660000,2020-11-04T02:16:59+00:00
nDvpk3qXi0k,Intro to Jekyll Themes and Layout Creation in GitHub Pages,460000,2020-11-04T02:25:01+00:00
KUxg-7U9EKM,Getting Started with GitHub Actions Tutorial,675000,2020-11-09T01:47:21+00:00
FsOtTYJ8KhQ,GitHub Actions Bash Shell Commands,409000,2020-11-09T02:12:21+00:00
dHuksXTLA2k,Run Shell Script in GitHub Actions Tutorial,283000,2020-11-09T02:41:41+00:00
SMPyLi8x6eo,GitHub Actions Environment Variables,208000,2020-11-09T02:58:28+00:00
qD-TkVvXt3M,Multi Step GitHub Actions Example,492000,2020-11-09T17:13:58+00:00
sNSncfHGxak,Multi Job GitHub Actions Workflow Example,462000,2020-11-09T19:17:37+00:00
vBEcTN5lwJc,Maven Build in GitHub Actions Example,626000,2020-11-09T20:50:23+00:00
oW5MOjv6kBo,"GitHub Action Workflows on Mac, Windows and Linux",320000,2020-11-09T22:10:06+00:00
lkn3FPRh5ps,Cache GitHub Actions Workflow Dependencies,219000,2020-11-09T22:24:20+00:00
Duynf6zvSk0,Java Artifacts in GitHub Actions Maven Build,291000,2020-11-09T22:56:38+00:00
Zcsk_Nzv-aU,How to publish GitHub Actions artifacts example,355000,2020-11-10T15:14:40+00:00
3bz0IR-GDIw,Use Encrypted GitHub Actions Secrets in your CI/CD Workflows Example,443000,2020-11-12T18:51:38+00:00
6vBfgzdfGzg,Lab 1 - Jenkins Configuration,286000,
rpChujKJOXo,Lab 2 - Jenkins Build Jobs,1355000,
pDctkvTZOGo,Lab 3 - Advanced Jenkins Jobs,850000,
RinD5UidVtU,Lab 4 - Jenkins Template Jobs,614000,
z5Hq5Oqdqyc,Lab 5 - Non-Java Node Builds,314000,
mfXCluttktM,Lab 6 - Jenkins Pipelines,766000,
5oinW9bN2DI,Lab 12 - Groovy Pipelines & Shared Libraries,918000,
aI4tLPCUAIY,Lab 8 - Jenkins Security,678000,
rOw8v8hgZb8,Install Ubuntu 20 on VMWare Player in Less than 5 Minutes,365000,2020-11-28T14:07:51+00:00
7QVGUzjqdKE,How to Install Jekyll on Windows 10 Example,289000,2020-11-28T16:24:39+00:00
axsX5KdS_HM,How to Install Jenkins on Ubuntu 20 and Run a Test Build Job Example,508000,2020-11-28T21:42:20+00:00
Y160f9-xZY4,How to build with Jenkins and Docker example,671000,2020-11-28T23:37:59+00:00
m5IFbG07V-c,"Fix for Jenkins Docker Error: Invalid agent type docker specified. Must be one of [any, label, none]",336000,2020-11-29T00:54:10+00:00
dt67J6JwVQA,Fix the Jenkins Docker Permission denied when trying to connect to Docker daemon socket error,174000,2020-11-29T01:27:43+00:00
tr3qCUjeQqk,Apache Ant & Jenkins Build Job Examples,370000,2020-11-29T18:12:02+00:00
iaRKmqMCwwM,Declarative Jenkins Pipeline for Ant builds with Docker Example,386000,2020-11-29T18:19:58+00:00
nvqIrHH8v3c,Build Java apps in Jenkins with Maven Example,437000,2020-11-29T21:28:00+00:00
B1hoNEoaf7U,Example of a Jenkins Maven Integration Pipeline for Java Builds,466000,2020-11-29T22:56:26+00:00
CGh6Ah5qg-g,Warnings Next Generation Jenkins Plugin Example for Static Code Analysis Tools,448000,2020-12-01T00:43:17+00:00
BiIuR4aQK9A,"Jenkins with PMD, FindBugs and CheckStyle Plugins Example",426000,2020-12-01T01:16:34+00:00
czt4lUfqNyg,Jenkins Docker Pipeline Maven Build Example,305000,2020-12-01T02:20:08+00:00
ZiHMsEKklKQ,Jenkins GitHub WebHooks Example,395000,2020-12-04T00:48:08+00:00
ZuAdOsPfQfk,Jenkins remote build trigger example,323000,2020-12-04T17:09:13+00:00
wtdbReb7r7s,No Valid Crumb 403 Error Fix for Jenkins GitHub WebHooks,504000,2020-12-04T17:55:13+00:00
qcTgwaVHZLE,Fix the Jenkins withMaven not found DSL pipeline error,103000,2020-12-04T23:58:35+00:00
GJyWBrmUBm0,How to run Jenkins on AWS,514000,2020-12-05T14:52:56+00:00
nFXqynzeePs,Run Bitnami Jenkins with AWS,203000,2020-12-05T15:37:22+00:00
9LBfV8VrJY4,Install Jenkins on Windows 10 Fast,409000,2020-12-05T18:25:50+00:00
Kc95s0vXrRM,Run a Jenkins War File,230000,2020-12-05T19:32:01+00:00
wPHH11qtIgI,Install a Jenkins War Example,222000,2020-12-05T19:54:30+00:00
rwbN6JjDCXo,Jenkins GitHub Integration,460000,2020-12-06T20:04:49+00:00
7LLtcRowYBM,Install a Jenkins War Example,223000,2020-12-06T20:17:19+00:00
4HTIBxufn-E,Jenkins Shared Library Example with GitHub,486000,2020-12-07T01:04:26+00:00
3znTQFLviwQ,Jenkins Home Directory: What is JENKINS_HOME and how do you set the environment variable,293000,2020-12-07T16:52:34+00:00
Irka8a86er8,Install Jenkins on Tomcat,360000,2020-12-07T18:55:13+00:00
AHB-5L3MMTQ,Jenkins Installer for Windows,360000,2020-12-07T20:56:31+00:00
PPeox_dbhzo,Jenkins YAML Pipeline Build Job Example,332000,2020-12-08T00:02:37+00:00
umDRrQ08Awk,Jenkins Hello World Build Job Example,453000,2020-12-09T18:57:20+00:00
5wsd_DncdwA,Jenkins Hello World Pipeline Example,414000,2020-12-09T20:18:03+00:00
6epIPsgTBx4,Jenkins Blue Ocean Plugin Overview,260000,2020-12-09T20:58:04+00:00
VLG1olRl5xE,How to Create Jenkins Blue Ocean Pipelines,503000,2020-12-09T22:04:04+00:00
E3gxhuATmHs,Java Mission Control 8 Eclipse Plugin Install with Flight Recorder,446000,2020-12-11T18:40:00+00:00
AHT4ZvOe6a4,A Quick Java Mission Control Overview,405000,2020-12-11T21:16:54+00:00
fjc885twWPE,Start JFR in Eclipse (Long),739000,2020-12-12T16:12:46+00:00
SzRq99Qy96Y,3 Ways to Start Java Flight Recorder in Eclipse,380000,2020-12-12T16:25:45+00:00
6zTPiuAsMQU,Java Flight Recorder Example: LinkedList vs HashSet Performance Problems,484000,2020-12-12T23:54:09+00:00
1LUae4wSZyM,Performance Costs of Synchronized Methods in Java: JDK Mission Control & JVM Flight Recorder Example,399000,2020-12-13T01:18:15+00:00
XK0WSi-cpVw,Java Autoboxing & Unboxing of Primitive Types Performance Implications,499000,2020-12-13T18:36:06+00:00
DM8hiMrQB7g,Identify &  Fix JVM memory leaks with Java Flight Recorder and JDK Mission Control,441000,2020-12-13T22:16:35+00:00
onjlJBDdeTk,How to Force Garbage Collection in Java,321000,2020-12-27T16:56:52+00:00
Rl191daANvQ,JVM Heap Memory Management MBean Example,738000,2021-01-14T20:42:40+00:00
aTMZGs0ZGPE,How to Stop Java GC and Prevent Garbage Collection on the JVM,335000,2021-01-14T21:43:43+00:00
x7rWWuMzbb8,Epsilon GC Garbage Collector Example,348000,2021-01-14T22:20:11+00:00
7Y67bkR977c,OutOfMemoryError in Java Explained,493000,2021-01-14T23:58:54+00:00
WdZ0kYAHAOM,Java Recursion Examples,457000,2021-01-19T00:32:38+00:00
qsYhBcAANHc,Java Factorial Programs: Recursion and Iteration Based Code Functions Explained,520000,2021-01-19T18:31:06+00:00
VK0KUolSCQg,Install Git Flow on Windows,246000,2021-01-28T21:57:28+00:00
rX80eKPdA28,The Gitflow Release Branch from Start to Finish,410000,2021-01-28T23:55:06+00:00
5q75eeEYApk,Gitflow Hotfix Branch Example,426000,2021-01-29T21:33:21+00:00
d4cDLBFbekw,Git Flow Init Example,694000,2021-01-29T23:32:01+00:00
WQuxeEvaCxs,Gitflow on GitHub: How to use Git Flow workflows with GitHub Based Repos,698000,2021-01-30T01:14:51+00:00
sMaLZFY7ys4,How to use StudioX Activities in UiPath Studio,72000,2021-01-31T22:12:12+00:00
7J03lhwLnVQ,UiPath Studio Get Username Password Activity,332000,2021-01-31T22:54:22+00:00
030dEAB8oyg,How to Automate a Website Login with UiPath Studio,337000,2021-01-31T22:51:25+00:00
ol5zptxs0f8,How to Integrate Windows Credentials Manager and UiPath Studio Robots,347000,2021-02-01T00:38:42+00:00
KOjVaJ7aPdA,How to use UiPath Picture in Picture with Assistant and Studio Tutorial,234000,2021-02-01T00:50:35+00:00
OBHm7BJSr7Q,How to Block User Input with UiPath Studio Tutorial,230000,2021-02-01T01:06:40+00:00
Jn9iKEjlmio,How to Install Docker on Ubuntu 20 in Less Than 5 Minutes (containerd too!),389000,2021-02-02T21:37:30+00:00
DaQLWrS04h8,How to install minikube Kubernetes on Ubuntu 20 in 5 minutes or less,485000,2021-02-02T22:37:53+00:00
VRgAd9JJ9rY,01 Introduction Test,210000,
eNrjux4sgWw,Lab01 Gitflow,1286000,
x2DOzm5osw0,lab 03   Gradle and Groovy,1076000,
tK7gd9Q0lBE,Lab 04: Gradle builds,940000,
l-zkJFB4zkc,Lab 5 Spring REST,1210000,
sNe37we1gKo,Lab 6: Spring Data JdbcTemplate,845000,
fj1yJFpKsZo,lab 7: Spring JPA,622000,
kKKeMdS3kjs,Lab 9: Jenkins,337000,
iNCEi3Pqi88,Create a Jenkins Job,654000,
ei7kv7QOMC8,Lab 11: Jenkins,856000,
4kJn7llmW9k,Your Own CI,697000,
vkZ6aXjHFCU,Quick Docker Example,288000,2021-04-13T18:32:50+00:00
r1RNlZ-4bFE,Minikube and Spring Deployment,557000,
g_ogfSnKxQ0,UiPath Certified Logo and Badge,113000,2021-04-16T13:17:01+00:00
XTolZqmZq6s,How to Fork a GitHub Repository,473000,2021-05-02T14:40:36+00:00
2WiBRNydhTk,Fork GitHub from the Command Line,302000,2021-05-11T11:24:01+00:00
PSnGYWAVfJ0,Build and Deploy RESTful Spring Boot Microservices to AWS Elastic Beanstalk,1243000,2021-05-11T17:26:37+00:00
rY-MrvpZ6xU,Lab 4 Without Code,1423000,
VHz5gs5ANGE,Maven Example,486000,
Mas5HjFHwvo,Continuous Delivery with Jenkins CI Example,591000,2021-05-18T19:20:33+00:00
CMxze9XO6v8,Recovery Partition Removal: How to delete the recovery partition permanently,100000,2021-06-07T12:38:47+00:00
rFCQIsA5DXc,Download & Install UiPath Studio 21.4,378000,2021-06-07T18:14:20+00:00
swBtZnGGJTY,Download Old UiPath Studio Version,260000,2021-06-07T18:56:40+00:00
bP_knaHu_uE,UiPath Studio: Community vs Enterprise Edition,314000,2021-06-07T23:43:31+00:00
Bd5rzdGzSTo,UiPath Variable Types,436000,2021-06-08T00:07:46+00:00
Y_yE4CaqazE,UiPath Variable Scope Tutorial,718000,2021-06-08T00:07:30+00:00
Fzpx3WB3tXk,Passing Arguments in UiPath,805000,2021-06-09T20:44:14+00:00
wpu4vjI36pM,How to Pass UiPath Arguments Example,739000,2021-06-10T23:41:29+00:00
Dy9SyAbie_4,UiPath If Activity by Example,279000,2021-06-12T21:11:44+00:00
sBM9nkhRFNY,UiPath Switch Example,346000,2021-06-13T19:31:48+00:00
HswobQMeyHU,How to Switch on a String in UiPath,293000,2021-06-13T20:27:29+00:00
Ng2OpzEQf-4,UiPath While Loop Example,312000,2021-06-15T22:39:52+00:00
qxwdZResiWk,UiPath Do While Loop Tutorial,254000,2021-06-15T22:39:01+00:00
E0MB7t7QoDg,UiPath For Each Loop Example,350000,2021-06-18T00:17:38+00:00
Bpiu6c5uY7E,How to use Break and Continue in UiPath,337000,2021-06-18T00:44:46+00:00
36fh7HjHM3E,UiPath Flowchart Example,589000,2021-06-22T00:46:55+00:00
AMiu-OxWAx8,Spring Lab 1 Hello Message,645000,
D2rbsqGCi2o,Git Clone or Fork? Which command should you choose?,570000,2021-07-29T15:10:26+00:00
Nwo5DAuYGok,GitFlow Lab 1 with a Fork and a Clone,1930000,
rjzh8vmzJH8,"How to clone from GitHub, merge with Git, build with Maven and follow a GitFlow Workflow",1508000,2021-08-09T15:58:07+00:00
N8CqwzXgoFc,Jenkins and GitHub Example,1535000,
dP6564jyRGI,Git GitHub Maven Eclipse,971000,
keRhfR9-m7Q,Fix GitHub's 'support for password authentication was removed' error fast,335000,2021-08-18T20:40:20+00:00
nVxN4CLnA74,"Maven, GitHub & Eclipse: How to get a Maven project on GitHub into Eclipse",355000,2021-09-13T16:55:33+00:00
XDD51PC_yZc,Git Branch Create Command Examples,338000,2021-10-02T20:24:19+00:00
sebZZiQGJTw,Git Branch Create and Checkout in one Command Example,54000,2021-10-02T21:04:47+00:00
ZUPnzAgBpYo,Git Create New Branch with Local Changes,150000,2021-10-02T22:19:18+00:00
9AflLDdSjkg,"Quickly Fix Git's ""fatal: The current branch has no upstream branch"" error",253000,2021-10-03T13:11:42+00:00
se1WitSPKwc,Push a Local Git Branch to a Remote GitHub repo,291000,2021-10-03T14:14:25+00:00
RBk1I-G2YA4,Push a New Local Branch to a Remote GitLab Repository,292000,2021-10-03T14:51:49+00:00
WNCjvqvGGrU,Git Branch Delete Local Example,265000,2021-10-03T18:21:40+00:00
XrIfGggvWRw,Delete All Git Branches Except Master or Main,117000,2021-10-03T21:29:54+00:00
dtZWX5F9-Q4,Git Delete Remote Branch Example,295000,2021-10-03T22:40:14+00:00
7cK6v-5mmoo,Git Rename Branch Example,275000,2021-10-03T23:27:19+00:00
OXsUuQs-Q_0,How to Rename Branches on GitLab,187000,2021-10-03T23:47:23+00:00
xLoQmOo2Tzk,Remove Git Branches from GitLab,258000,2021-10-04T00:10:54+00:00
lp35Yl5b42A,How to Tag an Older Git Commit,172000,2021-10-04T00:57:38+00:00
VqUYuKnMth8,How to list and switch between GitLab branches,420000,2021-10-04T12:13:58+00:00
iO4QjPUkGJk,"How to List, Switch and Checkout Git Branches",343000,2021-10-04T12:36:05+00:00
GIXmtOPjofM,The GitHub Branch Explained and Demystified,533000,2021-10-04T13:06:54+00:00
ks7TiWDcAjo,A Git Branch Remove Example,486000,2021-10-04T14:30:38+00:00
oaIrEwzBXuY,Git Branch Change Name Example,417000,2021-10-04T15:51:04+00:00
LYJ81OKXH9c,How to Change GitHub Branch Names Example,321000,2021-10-04T16:25:02+00:00
bokQrIqchQ4,How to Create a Git Branch from a Tag,206000,2021-10-04T17:52:29+00:00
msefe8Lw_lQ,How to Create a Git branch from a Commit Example,181000,2021-10-04T19:05:44+00:00
g7E2pimO3nk,How to Create a Git Branch From Master,271000,2021-10-04T19:42:14+00:00
wkJ4leOuK_o,How to show the history of a Git file,385000,2021-10-04T22:04:57+00:00
a2OSRBz107I,Create a Git Branch From Another Branch,216000,2021-10-04T22:21:24+00:00
VZDiggpsfcE,How to show the names of files changed in a Git commit,115000,2021-10-05T00:10:47+00:00
T8E6gT0oaDI,How to delete a file from a Git repo,232000,2021-10-05T00:42:23+00:00
ca_-OXBQtGw,How to Delete Folders from Git repos,162000,2021-10-05T01:21:34+00:00
BTPJsdyNNAg,Exit the Git BASH Console & Editor with :Q,98000,2021-10-05T01:48:59+00:00
DeYrRhYkTu0,How to Search Git Logs by Commit Message,143000,2021-10-05T02:04:38+00:00
RljRvWgUu0Q,Show Global Git Config & Location,172000,2021-10-05T13:37:10+00:00
fOpg7lO04Nk,How to add a Global .gitignore File,288000,2021-10-05T14:24:02+00:00
_jXCCmuVAHQ,A Quick Git Igore Example with a Simple .gitignore FIle,285000,2021-10-05T15:22:44+00:00
TlzJ6QjwEpE,How GitIgnore and GitHub Repos Work,361000,2021-10-05T16:00:13+00:00
tFRNl_jMPZE,A Quick GitLab and GitIgnore Example,342000,2021-10-05T16:40:35+00:00
c0nBw9DK5pE,How to create a .gitignore file in GitLab,176000,2021-10-05T16:54:35+00:00
-AvELXPWETk,Best Git Ignore Generators,262000,2021-10-05T17:17:28+00:00
-sdYsDumGgM,How to Remove & Delete a Local Git Repository,228000,2021-10-05T18:05:05+00:00
qSnjgEU6VwQ,How to Ignore Git Folders and Directories .gitignore,281000,2021-10-05T18:29:30+00:00
mw6svCY8xgc,How to List all Git Commits for a File,157000,2021-10-05T19:15:25+00:00
jBqotG5C90s,How to Force the Git Pull Command,293000,2021-10-05T20:09:21+00:00
8UEHexHwU9o,How to cancel or undo git pull merge conflicts,182000,2021-10-05T20:33:06+00:00
aFwOi31HM2g,Undo Git Add Before a Commit,242000,2021-10-05T21:06:32+00:00
n4_XbfX-ONg,How to Git Merge a Branch into Master,739000,2021-10-06T15:55:32+00:00
IY2MrpBbuZw,What is a Git Merge Conflict?,456000,2021-10-06T17:22:45+00:00
1ogxIf6tXrY,How to resolve Git merge conflicts,382000,2021-10-06T18:06:46+00:00
BIg4vSCRygU,How to Cancel the Git Merge Process,223000,2021-10-06T18:27:23+00:00
5g37NElQnCQ,How to Merge GitHub Branches to Master,337000,2021-10-06T19:21:14+00:00
mOJazBNrG-c,Resolve GitHub Merge Conflicts,272000,2021-10-06T19:52:30+00:00
8AIb5pIvd8k,How to Abort Git Merge Conflicts,391000,2021-10-06T20:38:34+00:00
TgBLi1J5mQk,How to Merge Git Commits,240000,2021-10-06T21:15:40+00:00
45uNJvo6djA,How to Merge Master into any Branch in Git,245000,2021-10-06T22:17:36+00:00
ma7Sce92C8c,How to Git merge one branch into another,276000,2021-10-06T23:03:20+00:00
aLhYYHTmNvs,How Git no-ff Merges Work,316000,2021-10-06T23:54:42+00:00
36ueMx5hro8,What is a Fast Forward Merge in Git?,321000,2021-10-07T00:18:38+00:00
RSfT3cUA8nk,Git Uncommit Your Last Commit,233000,2021-10-07T13:17:53+00:00
yrw_mlhkExY,Remove and Revert Uncommitted Git Changes & Files,184000,2021-10-07T13:53:45+00:00
WER5EbkRZfA,Discard all local changes and untracked files in your Git repo,239000,2021-10-07T14:43:23+00:00
edKhc5TG_ME,Introduction to Lambda Expressions in Java,628000,2021-10-30T23:20:29+00:00
XABDkzxA6hM,Tomcat vs Apache: What's the difference?,326000,2021-11-02T12:38:43+00:00
yph8-0YVgX8,Jenkins Tomcat WAR Deployment,724000,2021-11-02T12:59:19+00:00
0LLYV0BablE,How to Resolve Git Stash Pop Conflicts,278000,2021-11-02T13:34:53+00:00
CH30H46XEY0,Deploy WARs to Tomcat from Eclipse,332000,2021-11-02T14:18:12+00:00
yRUcUZxq0C0,Developer vs DevOps Engineer: What's the difference?,439000,2021-11-02T14:38:39+00:00
_pvzcxrKWAs,Tomcat vs JBoss? Here's the Application Server Should You Choose,566000,2021-11-02T15:23:54+00:00
aWQu2Iz6Gqc,How to use the JDK's javap command by example,298000,2021-11-25T19:16:48+00:00
vxd-gu9nXpY,How to use JarSigner to Sign Java JAR files digitally,420000,2021-11-26T00:53:16+00:00
GR0z59GR1XY,scrumbut,151000,
1gYx6krNgdM,Top 5 Reasons Why You'll Love the Jakarta Servlet 6.0 API Release,272000,2021-11-29T18:33:24+00:00
DOM1U9tuX_I,s3 bucket temp,251000,
9JQAb1lTDJQ,install nginx ubuntu,300000,
xb108-EaGTo,filezilla ftp nginx,336000,
-soG9m3dvTY,How to create and run a script in Ubuntu,178000,2022-01-26T18:13:40+00:00
s6KTbytdNgs,Configure GitHub SSH Keys,378000,2022-01-28T18:47:38+00:00
a-zX_qc2S-M,How to use GitHub with SSH Keys on Windows 10,365000,2022-01-29T16:24:51+00:00
5Ck07BJDXTE,Create and Configure GitLab SSH Keys,322000,2022-01-29T19:24:01+00:00
ZY_C76uNJKQ,Create and Configure BitBucket SSH keys for Git,368000,2022-01-29T23:28:27+00:00
neAurRskPKQ,Generate Git SSH Keys That Work Everywhere,461000,2022-01-30T00:25:37+00:00
Irj-2tmV0JM,Fix Git's SSH Permission Denied (PublicKey) Error on GitHub (git@github.com),397000,2022-01-30T21:56:17+00:00
2Md6zdmYtos,Find GitHub's SSH URL & Git Cloning!,301000,2022-01-30T22:31:06+00:00
qv5tKef6-8I,JavaScript and Node.js File Upload Example,813000,2022-02-07T22:41:41+00:00
1vGeRWzjQt8,jdbc,457000,
DK0lsvs4f5A,networking lab,745000,
1TQEJmCF0so,Performance,765000,
b00cRu7HKGs,threads,359000,
vPEcHU7yUdk,Apache Reverse Proxy Configuration Example,479000,2022-05-16T18:49:53+00:00
I66s-6NzkL0,Build an Apache Docker httpd image with a Dockerfile Example,538000,2022-05-16T21:32:23+00:00
DwJT4vncv6c,Run Apache in Docker Example - Host Your Website from Local Files with Docker's Httpd Image,471000,2022-05-17T14:31:15+00:00
-2qv1xh3CFs,Docker Compose Example with Apache,669000,2022-05-19T18:01:06+00:00
JmyAMcKUNYA,Differences Between Docker Compose and Dockerfile by Example,661000,2022-05-19T19:00:12+00:00
tPn046z1YbE,Differences Between Docker Run and Docker Compose Compared,676000,2022-05-20T13:06:40+00:00
uQLHzvfQVOY,Difference Between Rows vs Columns Explained Quickly,336000,2022-05-22T16:31:33+00:00
VIWKc5sx5Ao,"Customize Git Bash Shell Colors, Title, User, Host & Computer Name",275000,2022-05-24T16:55:08+00:00
m5SChqEi314,How to Generate a Personal Access Token in GitHub and use it to clone and push with Git,243000,2022-05-24T19:57:34+00:00
gQuCBLxwNVQ,Setup an Apache Load Balancer Example,478000,2022-05-26T01:01:32+00:00
Dv6fYxAVcww,Install & Setup PHP and Nginx on Ubuntu Linux with FPM,676000,2022-05-26T20:37:03+00:00
TNZuqEglH9Y,How to Install Tomcat 10 on Ubuntu 22,356000,2022-05-27T23:36:14+00:00
7jNhZrtckhA,How to configure Nginx Reverse Proxy Servers Tutorial,411000,2022-05-28T01:00:12+00:00
PU73QmFuiag,Setup and Login to the Tomcat Manager URL without 401 or 403 errors,443000,2022-05-28T11:43:49+00:00
gHgidwb50lQ,How to add a new project to an existing GitHub repository,345000,2022-05-28T18:45:37+00:00
qN6EeASfVT0,How to Add & Upload a New Project to an Existing GitLab repository,318000,2022-05-28T20:32:12+00:00
8wkRZHn4FlE,How to add a new project to an existing Bitbucket repository,346000,2022-05-28T22:22:33+00:00
BvHLCTGapu0,Create a Bitbucket App Password & Fix Fatal Invalid Credentials & Authentication Failed Errors Git,230000,2022-05-29T15:52:05+00:00
KQhuf06o-zw,Install Java on Windows,347000,2022-06-01T23:41:44+00:00
DfoudIy590c,How to install Java on Ubuntu with apt,280000,2022-06-01T23:22:38+00:00
t4ik0GHawpU,Fix the 'Expected a Step on Line' error in Jenkins,106000,2022-06-03T19:26:07+00:00
6j1ISxY5ss4,"Docker and Docker Compose on Ubuntu: How to setup, install, configure and use containers",325000,2022-06-04T18:52:26+00:00
QE26N9cHE2M,Nginx Load Balancer Example Setup and Config,444000,2022-06-04T23:14:28+00:00
TLvo8D17LXY,Copy a file in a Docker container to your local host machine,300000,2022-06-05T16:55:35+00:00
ZmH1L1QeNHk,Configure a Docker Nginx Reverse Proxy Image and Container,651000,2022-06-06T01:19:27+00:00
_grm9JtsFSQ,How to Open a Java JAR File in Windows,198000,2022-06-07T13:38:18+00:00
Ee5bLPDD9Q4,"Fix 'Java Not Recognized as an Internal or External Command, Operable Program or Batch' Error",114000,2022-06-08T01:50:09+00:00
XJXtvGyl63E,How to run a Java JAR file on Windows 10,149000,2022-06-08T02:58:34+00:00
84--vt4F73c,Fix Java's 'Could Not Find or Load Main Class' Jar error,254000,2022-06-08T19:20:50+00:00
Dz0ITPVGS0g,Difference between length() and length() in Java,217000,2022-06-09T15:32:28+00:00
QasSXtWy--A,How to Install and Configure the Nginx Proxy Manager Tutorial,390000,2022-06-12T03:20:27+00:00
rznDZGb2pLQ,How to format a Java double with printf example,338000,2022-06-13T17:08:43+00:00
3cBk69Poyd0,Use the Java Console Class for User Input,304000,2022-07-13T00:38:37+00:00
-ej8BMn5r-w,"Java Comments - Introduction, Best Practices and How to use the 3 Types of Comments in Java",423000,2022-07-14T00:36:49+00:00
Kfc6p41-Iq8,Format a table with Java printf statements,403000,2022-07-17T21:10:45+00:00
D53RvmtBTJU,How to take char based Input with a Java Scanner without a nextChar method,382000,2022-07-17T22:29:32+00:00
DVAQ1OULoRE,Java Double Brace Initialization of Lists and Sets Explained,172000,2022-07-17T23:30:57+00:00
xMacfO2W4vQ,How to import the Java Scanner,341000,2022-08-07T18:12:19+00:00
e1ceaKbouno,How to use the Java Scanner next & nextLine methods for String Input,308000,2022-08-07T19:49:52+00:00
VucWFhiM08A,How to use the Java Ternary Operator by Example,244000,2022-08-09T00:58:31+00:00
LPIEeyA53kw,How to use Java's JOptionPane,617000,2022-09-10T17:16:27+00:00
iM71d2krbS4,Multiversion Concurrency Control (MVCC) Explained in Simple Terms,329000,2022-09-14T18:15:39+00:00
_e2A1U2bsPQ,What's the Difference Between a Forward and Reverse Proxy Server?,192000,2022-09-22T00:40:37+00:00
mMnWwlIXLIY,Quick Introduction to Java JShell Tutorial,329000,2023-02-26T21:50:57+00:00
jsq5UzK9g0I,Chrome Color Picker from Image,182000,2023-03-20T23:55:37+00:00
MPp4A4F6rQI,Single Responsibility Principle in Java (SOLID Principles Tutorial),369000,2023-03-21T23:44:26+00:00
GOrhB6eYASU,Git Fetch vs Git Pull? Which one should you choose?,189000,2023-05-03T20:24:34+00:00
7DadOFkF7eE,How to Install the Java 21 JDK Early Access Edition,158000,2023-05-19T16:40:30+00:00
koeEOErFvRw,Hibernate and JPA3 Configuration and Setup,1478000,2023-05-19T17:14:46+00:00
sfBtgMAKeF0,Hibernate and JPA 3.x CRUD Operations Example,1465000,2023-05-19T17:49:39+00:00
j9G-1TF9KkQ,Solid Open Closed Principle Example,454000,2023-06-23T15:36:55+00:00
LFZihAFN0wk,You first Java AWS Lambda function in less than 5 minutes,272000,2023-07-15T23:53:40+00:00
anvvEcTWLpA,How to enable Java 21 preview features,167000,2023-07-16T01:10:25+00:00
MkpbxWzjzhA,How to create AWS Lambda functions in Python,486000,2023-07-16T23:25:30+00:00
Avdq5C6CRsc,Import a Gradle Project from GitHub,281000,
gGKmK4bwXsg,Reset Git Hard and then git log a dog,347000,
0bqSkbVExVk,Quickly run a Spring Boot JAR file at the Command Line,60000,2023-08-06T02:37:48+00:00
LxyzcDPnaDY,How to login to DockerHub with an Access Token using Docker login,54000,2023-08-06T12:00:53+00:00
dJVp_E4UPXk,Push a Spring Boot app to Dockerhub,632000,
8HvooElq0Gg,Introduction to Spring Boot Tutorial for 2023,659000,2023-08-06T18:53:30+00:00
4kXvasQP8sw,How to run your Spring Boot JAR file from the command line,311000,2023-08-06T20:05:15+00:00
Fw_F5-UGgHQ,How to Containerize Spring Boot applications,664000,2023-08-06T21:26:06+00:00
_QjgWvqZQ04,Fix Docker Hub Invalid Username or Password Error with an Access Token,129000,2023-08-06T21:49:38+00:00
fXu7cGDZyaA,What should a successful HTTP PUT operation return?,57000,2023-08-17T18:46:52+00:00
Sl-optydhzU,Git reset hard vs soft: What's the difference?,58000,2023-08-17T20:27:58+00:00
GXd0Mjio5qo,How do you say idempotent?,53000,2023-08-21T03:50:41+00:00
555Xawr7hgQ,PUT vs POST: What's the difference?,58000,2023-08-21T04:33:56+00:00
NiOERfR53as,The HTTP verbs,49000,2023-08-21T04:59:29+00:00
FYdeS6HNa38,How to say Udemy?,46000,2023-08-21T05:14:43+00:00
dB3LlaF-GZA,60 Second Spring Boot Tutorial,59000,2023-08-21T16:38:36+00:00
7-ZG5l0jGEU,PUT vs POST: What's the difference?,689000,2023-08-21T22:50:11+00:00
L1DU13XiogA,"REST URLs and HTTP Verbs Explained: GET, POST, PUT, DELETE, HEAD, PATCH",806000,2023-08-22T00:35:41+00:00
McFRdUmYNpg,Delete a Git Branch Locally & Remotely,60000,2023-08-22T17:20:50+00:00
A8MUpT9WOd0,How to delete both a remote and local Git branch,494000,2023-08-22T21:27:26+00:00
MaqVvXv6zrU,How to Use Git & GitHub Desktop Tutorial for Beginners,2044000,2023-08-24T05:41:09+00:00
M5nOIklD7SA,How to Install Jenkins and Build CI/CD Pipelines on Windows,2164000,2023-08-25T01:35:48+00:00
T00NKLQvwYE,Learn Apache Maven Full Tutorial in Java for Beginners,3316000,2023-08-27T18:01:24+00:00
x_3NA-_Rjwo,"Learn Git, Sourcetree & BitBucket Tutorial: A Crash Course for Beginners",3790000,2023-08-29T04:42:59+00:00
ueQs5pQ8ZMM,How to Push Code to a GitHub Repository,929000,2023-08-29T23:10:55+00:00
zd2Y5zumBWo,GitKraken Tutorial: Crash Course on How to Use Git and GitKraken for Beginners,3050000,2023-08-31T03:07:06+00:00
rUyYCoCkidM,"Git Push a Local Branch to a Remote Repo (Publish to GitHub, GitLab, BitBucket)",783000,2023-09-01T00:26:48+00:00
Y2BdOJOwExs,How to remove untracked files in git | The git clean command,666000,2023-09-02T13:51:18+00:00
OXP8YBPBdgw,Learn Jenkins Fast! A Simple Jenkins CI Tutorial for Beginners,6274000,2023-09-04T20:12:21+00:00
8U43SE9VjJA,How to Git Clone a Specific Commit | Pull a Single Commit from GitHub or GitLab,683000,2023-09-05T02:41:57+00:00
9CAwvKiLICs,"How to Install Git on Windows 10 | Download, Install and Configure Git Tutorial",2186000,2023-09-05T21:53:06+00:00
OmtdMCIGXrg,"If __name__==""__main__"" in Python: What does it do?",101000,2023-09-18T13:28:40+00:00
FW7ct58hUEk,Prime Stuffed Meat Two,83000,
1oQJ3b8MWzw,Pros and Cons of Microservices vs Monolithic Architectures,455000,2023-11-17T02:21:51+00:00
12XaNaJGgDA,The Git Index Explained How to stage a file with Git add,753000,2023-11-19T21:50:44+00:00
YcZmL2TkXN4,"How to create a Git repository with git init, GitHub and Git GUI tools",849000,2023-11-19T23:51:59+00:00
GsLNBIW1R-M,Create a Repo with Git init,60000,2023-11-24T19:17:50+00:00
O9-4ohcqP4E,Quickly install Git on Windows || #git #github #devops #bitbucket #gitlab #codecommit #gitkraken,60000,2023-11-24T19:57:04+00:00
VRRsHFoj3Yk,What is Git? How would you define Git? || #GitHub #GitLab #BitBucket #DevOps #Git #Python #Java,59000,2023-11-24T20:46:52+00:00
PIAm-Qk7rhE,"Git Config Location: Where does Git store system, local and user configuration data? || #Git #GitHub",59000,2023-11-24T22:10:24+00:00
J3om_WD3GSI,Git Author Identity Unknown Error Fix,50000,2023-11-24T23:24:11+00:00
zir10a7Tb0U,A Git Commit Example  || How to do Your first Git commit || #Git #GitHub #GitLab #Python #JavaScript,60000,2023-11-25T00:02:15+00:00
xd6a9bf6ZqA,What is a Git Commit? || #Git #GitHub #GitLab #BitBucket #DevOps #GitOps #Python #JavaScript #Java,60000,2023-11-25T00:54:04+00:00
JZutyM5kE0M,What is the Git Index? || #Git #GitHub #GitLab #DevOps #JavaScript #Python #Java #Bitbucket #GitGut,60000,2023-11-25T15:59:56+00:00
l9pm8p84OkM,Your Git Commit History with Git Log and Reflog commands #git #github #gitlab #python #java #devops,60000,2023-11-25T22:19:42+00:00
srFaEE2hYLc,Git Status Command,60000,2023-11-25T23:14:21+00:00
nNgq3wjljjs,Git Add All vs Git Add . - How to stage all files in Git l | #Git #GitHub #GitLab #DevOps #Python,60000,2023-11-26T00:21:41+00:00
FA2ag50dxU4,How to Change a Git Commit Message,60000,2023-11-26T01:17:19+00:00
hExQA8EjLBA,Git Plumbing vs Porcelain #Git #GitHub #GitLab #BitBucket #DevOps #GitOps #Python #Java #JavaScript,60000,2023-11-26T19:04:32+00:00
779ZQ5GE3Jg,Git Status Porcelain #git #github #gitlab #bitbucket #devops #gitops #docker #python #javascript,60000,2023-11-26T19:44:41+00:00
u8FpS-faYWI,Undo the Last Git Commit,60000,2023-11-26T20:37:28+00:00
qdL8uaz_-n0,Git Revert a Commit,60000,2023-11-26T23:05:01+00:00
0jQ_cYlDpVw,Git Reset Hard,60000,2023-11-26T23:57:49+00:00
BRL2UFg2mWA,How to amend a Git commit,60000,2023-11-27T00:47:42+00:00
4Xvmhopgtfg,Git Merge  Explained,60000,2023-11-27T19:48:14+00:00
2O8yMwMs7Z8,How to install Mojo on Windows || Configure Modular's Programming Language & Write your First App,1282000,2023-12-04T18:55:14+00:00
OoTAHstloAg,Introduction to the Mojo Programming Language in the Visual Studio Code Editor,1060000,2023-12-13T02:24:17+00:00
g0z2L0bJ6xM,"Solve the prefix sum puzzle in Java with Arrays, Vectors and even SIMD operations",1062000,2024-01-08T11:39:41+00:00
RxOparFrxTQ,How to Remove Duplicates from a List in Java,671000,2024-01-09T13:13:10+00:00
R1TOeuKJ_bo,How to Find All Duplicates in a List in Java,601000,2024-01-11T12:08:22+00:00
7ytnuq6laAc,How to Download and Install Eclipse,755000,2024-01-10T02:46:06+00:00
2iA9bXVnS9U,How to Download and Install Java 21,588000,2024-01-12T03:47:43+00:00
l2yrJtwoC_E,Git and GitHub Crash Course For Beginners | Complete Tutorial [2024],6799000,2024-01-14T19:55:07+00:00
EosPHW2ic9U,Learn to Program in Mojo Tutorial for Beginners,1994000,2024-01-18T11:42:16+00:00
arr1YVqrd7o,What's the difference between GitHub and Git?,566000,2024-01-16T22:50:09+00:00
2qwx59b25V4,"Git Config File Tutorial: What, Where, Why and How?",691000,2024-01-21T02:09:20+00:00
NK2BrGpA9wI,Learn Git and GitLab Tutorial For Beginners | Full Course [2024],6249000,2024-01-22T21:43:23+00:00
DjQ6oD3Vp1o,Git Login Issues? Keeps Asking for a Username & Password? Permanently Set Credentials in Git Config,640000,2024-01-22T00:52:06+00:00
osULf3eWoho,Git's Fatal Please Tell Me Who You Are Error | Author Identity Unknown | Unable to Auto Detect Email,694000,2024-01-23T21:43:31+00:00
jq1ROBgmEzw,How to use Git Remote Add Origin,1478000,2024-01-24T23:23:57+00:00
wBc0WcyTtOA,Git Set Upstream Example | Learn Branch Management in Git,963000,2024-01-25T22:20:24+00:00
_eqDQw7B3cE,GitHub URL Example | Learn how to use GitHub URLs & Git,799000,2024-01-26T02:57:47+00:00
IuRl5iORY1E,Generate GitLab SSH Keys and setup SSH on GitLab,872000,2024-01-26T21:27:29+00:00
4f1MJuGfjx4,Generate GitLab SSH Keys & setup SSH on GitLab,872000,2024-01-30T18:22:28+00:00
Z-HNfaYZ4Dc,How to Generate GitHub SSH Keys,1155000,2024-01-31T01:23:34+00:00
mSrxBJaJwGA,How to Undo a Pushed Git Commit - Reset & Revert a Git Commit After Push,745000,2024-01-31T21:48:24+00:00
FdRt4aTY05I,"How to EDIT, UNDO or CHANGE the last Git commit message with AMEND",525000,2024-02-02T02:10:44+00:00
v3be1w_5ens,Why Java Uses static & final for Constants,524000,2024-02-03T17:11:34+00:00
6BEDQunZsXM,How to Unstage a File in Git - Remove a File from the Staging Index with Restore,518000,2024-02-04T10:37:49+00:00
sJ5ECR8UiKM,How to Convert a Java String to an int or long Primitive Type,532000,2024-02-15T21:18:45+00:00
tF3sh4Vt_SU,My Video,59000,
urSlkC-6lZE,Git Stash Tutorial,876000,2024-02-25T13:52:09+00:00
em4VvH7_43I,Rename a Git Branch,42000,2024-02-25T23:09:25+00:00
JsSmJhCi8-I,How to download and install Git,57000,2024-02-27T02:50:51+00:00
5qJok5_A2No,Git Log Graph Tree Command,60000,2024-02-27T23:17:22+00:00
DHFl7D9A2SQ,Rename Master Branch to Main on GitHub,46000,2024-02-28T00:11:59+00:00
YpDHc3MHNJE,Change Git Branch Master to Main Locally and Remotely,60000,2024-02-28T01:13:24+00:00
RsNwdQ3fCW8,"GitHub Personal Access Token How To Get, Create & Use Fine Grained Access",60000,2024-02-28T02:23:17+00:00
qXt1ThIb2IA,Git Set Remote Upstream URL,60000,2024-02-29T01:35:36+00:00
FuMJc3ahr6w,Change the Remote Git URL with Set Remote Origin,60000,2024-03-01T03:20:33+00:00
OfAl6R6zExU,How to Push an Existing Project to GitLab,1154000,2024-03-03T16:33:37+00:00
SyHSpRA3V3A,Java Constructors Tutorial,925000,2024-03-04T12:40:21+00:00
_xIA7vhWkLk,Complete Java Records Tutorial,1214000,2024-03-25T17:03:39+00:00
As_JBaVUsEg,Java Tic Tac Toe Game Tutorial,2366000,2024-06-18T14:36:49+00:00
JXQDsIhvjlE,Spring Data with MySQL in 60 Seconds,60000,2024-07-07T21:36:27+00:00
lPw167UBgtY,How to Install the MySQL Database | Beginners Tutorial,921000,2024-07-08T17:42:59+00:00
24QmNA64cd0,SOLID Liskov Substitution Principle,60000,2024-07-08T21:35:15+00:00
WDxh-OfsdPo,SOLID Liskov Substitution Principle: What is it and how does it work?,492000,2024-07-09T11:00:06+00:00
U-6_gJoWYwM,Install Spring Tool Suite 2024 #sts #springsource #tools #SpringBoot #Eclipse #IntelliJ #VSCode,1007000,2024-07-10T17:54:50+00:00
9brw7UzFdTA,Advanced Spring Boot Restful APIs Tutorial: Build a Full Spring Boot Web App,5106000,2024-07-22T15:53:45+00:00
o3cJnTm3p94,The difference between Controller vs RestController in Spring,514000,2024-07-23T14:15:06+00:00
pDk7o3eMAOg,Spring Boot CommandLineRunner,60000,2024-07-24T13:15:04+00:00
NJ6QwOmj7ds,Spring Boot H2 Console JDBC URL for Embedded H2 Databases and DataSources Configuration,50000,2024-07-25T11:45:02+00:00
EE9vpD-AnXw,Swagger Test Spring Boot REST APIs with SpringDoc OpenAPI in Maven UI Example,57000,2024-07-26T09:30:03+00:00
Q8ZjvVzGb2M,How to Add Swagger to Spring Boot,749000,2024-07-29T17:35:56+00:00
PXwSOU-ECXs,Spring Boot Console App with CommandLineRunner,1947000,2024-07-31T00:35:45+00:00
GxAu8UjLfbM,Swagger UI Tutorial for REST API Developers,1017000,2024-08-01T10:30:14+00:00
S2xyFQlpzIY,Spring Boot vs Spring vs the Spring Framework: What's the difference?,490000,2024-08-05T15:32:42+00:00
hm61ILSjLfs,"Advanced Spring Tutorial | Spring MVC, Spring Data, JDBC & CRUD Operations",4144000,2024-08-06T15:09:27+00:00
JDaBBV15g50,How to Dockerize Spring Boot Apps | Containerize and Deploy Microservices with Docker,1059000,2024-08-07T19:27:46+00:00
r3id0xN8gqo,What's the difference between Spring Boot and Spring MVC,585000,2024-08-12T21:29:29+00:00
H_-7oO0R17c,What is MVC? Model View Controller Explained,577000,2024-08-22T01:21:57+00:00
SnLZ0CEEjDw,Spring Hello World Example #boot #java #di #ioc #tomcat #println #springboot #springbean,918000,2024-08-28T16:56:35+00:00
HCdAfRHQoso,"How Spring XML Configuration Works by Example: Schemas, beans, XML Files & the Spring Boot Framework",623000,2024-09-02T19:43:40+00:00
37eHZza5aBk,What is Inversion of Control?,1543000,2024-09-03T09:30:01+00:00
Bg54Kr7WXEM,How Spring @Component & @ComponentScan Annotations Work in Spring Boot #Java #SpringBoot #devops,568000,2024-09-05T11:49:35+00:00
FHii0xjGN5g,Dependency Injection & Inversion of Control in Spring Tutorial #DI #IOC #Spring #SpringBoot #Java,1754000,2024-09-04T15:45:19+00:00
xKCdp0jjZAw,How does a HashMap Work Internally? | Core Java Interview Question 12,1638000,2024-09-09T21:29:21+00:00
6u6PJXTb1cQ,How Spring Boot Auto Configuration Works with Spring's @EnableAutoConfiguration Annotations,2689000,2024-09-11T12:49:11+00:00
gD3TWLkHw4w,What is Dependency Injection?,1788000,2024-09-16T09:00:39+00:00
UAPUcQiy72o,Stop Using Setter Injection! Why Constructor Injection is Better in Spring Boot #field #java,875000,2024-09-23T09:45:01+00:00
iMFdVDD0vuE,How to Clone a Repository from GitHub #git #bash #local #branch #repo #vscode #command #project #url,695000,2024-09-24T16:50:45+00:00
9ilpKtF0KGQ,How to Write a Git Commit Message: Conventions & Best Practices #github #gitlab #bitbucket #python,647000,2024-09-25T14:40:41+00:00
uPiF7OYekiA,Master Spring Profiles in Spring Boot #active #properties #profile #include #annotation #environment,1164000,2024-09-29T22:30:52+00:00
SpaTMoPqjE0,Spring & Spring Boot ConfigurationProperties Tutorial #list #map #config #innerclass #nested #prefix,1260000,2024-09-30T08:45:02+00:00
QM9j_Cdk0Q8,Spring application.properties vs application.yml in Spring Boot: What's the difference? #yaml #java,828000,2024-10-01T04:13:00+00:00
FRAchBsYEXE,Spring Boot Properties & Configurations 10x Devs Must Know #java #kotlin #settings #springdata #ide,1330000,2024-10-02T12:15:05+00:00
QrIHANAjKQU,Spring Boot application.properties:  How it Works #yaml #yml #profiles #active #kotlin #java #graal,3034000,2024-10-03T04:15:00+00:00
Ub2wKh7uNHs,How to Install Node JS on Windows 10/11 #React  #ExpressJS #Angular #npm #npx #nodejs #reactjs #git,485000,2024-10-07T02:33:33+00:00
yjgUndk6954,How to Install PostgreSQL on Windows 10 or 11 #postgres #javascript #python #tutorial #nodejs #mysql,529000,2024-10-07T15:14:05+00:00
oE3h-YNlqss,Advanced Spring Data & JDBC Tutorial #SpringBoot #MySQL #Postgresql #jdbctemplate #JPA,2509000,2024-10-08T11:26:16+00:00
1v2tAjE84p8,React Hello World App for Beginners #javascript #nodejs #vscode #angularjs #reactjs #learn #tutorial,910000,2024-10-09T04:15:32+00:00
03rDqI6lxdI,JDBC Tutorial for Beginners (Java Database Connectivity) #mysql #postgresql #sqlserver #database #h2,3858000,2024-10-10T04:15:06+00:00
CCMAhpVvpyk,Spring Boot Actuator Full Tutorial,1644000,2024-10-14T03:01:03+00:00
hR-IdJZ9N7I,Create a Custom Spring Boot Actuator Endpoint Tutorial,299000,2024-10-14T03:11:19+00:00
ACrRY0REgA4,Actuator Metrics in Spring Boot Examples #cpu #memory #threads #tutorial #enable #expose #endpoints,281000,2024-10-14T03:24:36+00:00
z16fBE-k1oQ,Spring Boot Actuator Endpoints #health #env #heapdump #threaddump #metrics #logging #example,564000,2024-10-14T03:41:53+00:00
7CgPNkpEtyY,Expose & Enable Spring Boot Actuator Endpoints #metrics #endpoint #actuators #info #enabled #exposed,274000,2024-10-14T03:51:59+00:00
ba3GKC0NEDE,Spring Actuator Maven Dependency Configuration #Gradle #springboot #actuators #metrics #endpoints,145000,2024-10-14T04:01:27+00:00
RQb2mrslq3k,Quick Intro to the Spring Boot Actuator Playlist,85000,2024-10-14T04:09:07+00:00
N7CAAJ9fDWc,Spring Boot Configuration Properties #techtarget,1283000,
MIDEXcU-Bmg,Spring Boot Soap Web Service Example,1528000,2024-10-15T03:00:59+00:00
YALQRUoA-8g,SOAP Web Services in Spring #techtarget,1516000,
9UCwNuiBDps,"Spring Boot Logging Levels, Configuration & Starter Properties #logs #config #debug #path #pattern",1359000,2024-10-16T00:09:25+00:00
vCfxZv-DMC0,"Java, JDBC & SQL Server Tutorial #driver #url #jar #download #maven #microsoft",1516000,2024-10-17T02:07:46+00:00
17Xl01CcZUM,JDBC Connection Pooling with Hikari CP & Microsoft SQL Server,261000,2024-10-17T12:46:17+00:00
psw9UiS49CY,"Statements, JDBC & SQL Server Database Delete Commands",129000,2024-10-17T12:56:15+00:00
5jr57GJ27XE,"Java, JDBC PreparedStatements, Update Commands & MS SQL Server Databases",157000,2024-10-17T13:05:54+00:00
g8YD1xFCwoo,SQL Server JDBC Connection String URL & Create Operations,236000,2024-10-17T13:16:48+00:00
L5CFqD4OucU,JDBC ResultSet Example with the SQL Server Database,173000,2024-10-17T13:25:15+00:00
GC6lW5OZFIU,SQL Server JDBC Driver Download from Maven & Connection Example,400000,2024-10-17T13:34:26+00:00
Q8ZkvlkTa0I,Create a Table in Microsoft SQL Server for JDBC with Java,165000,2024-10-17T13:47:38+00:00
G8zFcS3O-kM,How to Install Sqlite on Windows #download #python #java #javascript #database #step-by-step #course,257000,2024-10-20T18:54:54+00:00
Tmg0AyBx7Mk,"CRUD Operations in Sqlite3: Create Tables, Insert Records, Update, Delete Data & Create an Sqlite db",904000,2024-10-20T21:41:05+00:00
mhaY9hh3Irs,"DB Browser Sqlite Database Viewer: Manage Data Types, Issue Create Table SQL and Insert Records CRUD",236000,2024-10-20T22:10:35+00:00
BNUvVDbQ0J0,Introduction to Sqlite for Beginners: Full Sqlite3 DB Tutorial,891000,2024-10-20T22:44:52+00:00
eI06A4_Iies,Create a PostgreSQL Database Table for Development #Java #Python #JavaScript #Rust #React #Angular,60000,2024-10-21T06:00:21+00:00
ftK5FbPUaiw,Introduction to JDBC & PostgreSQL Tutorial for Beginners #Postgres #Java,1512000,2024-10-21T04:15:06+00:00
KHMUFsKZ0cQ,PostgreSQL JDBC Driver Download for Maven & Gradle #Postgres #Java,171000,2024-10-21T02:20:59+00:00
b6PMHnmW6VU,Postgres JDBC URL for Java Database Connectivity #PostgreSQL,476000,2024-10-21T02:40:55+00:00
5BKIqj0hst8,"Java, JDBC & Postgres CRUD Example with Maven",740000,2024-10-21T03:12:25+00:00
QLHc4BnVlR0,Install Jenkins from a Docker Image & Create a Jenkins Pipeline,885000,2024-10-22T15:16:34+00:00
z5piJjQIGWY,Jenkins Docker Image Tutorial #TechTarget,873000,
U_8HOJOvVcs,Modern SOAP Web Services in Java with Jakarta EE,701000,2024-10-23T04:30:12+00:00
zjhozHInB5E,Introduction to SQLite3 Tutorial for Beginners,967000,
xjxbUHWPmOM,Hello World React Program,986000,
RSchnSRHWN0,Spring Boot Actuator Crash Course,1590000,
jilqHdnoDRM,Spring Batch Tutorial for Beginners | Spring Boot | Batch Architecture,1987000,2024-10-24T11:09:23+00:00
p7U_LVK9m88,Spring Boot File Upload REST API Example,1004000,2024-10-28T02:19:40+00:00
2dnk67gpNEQ,RESTful Spring File Upload Example #techtarget,1080000,
S0OqWAbEjbA,How to Create a Maven Project in Eclipse for Beginners | Basic POM & Archetype Approaches,907000,2024-10-28T22:33:53+00:00
88Dv4vvAa1o,How to Create a Maven Project in Eclipse #techtarget,983000,
hIdoppZqcaI,What exactly is Pascal case?,60000,2024-10-29T00:44:07+00:00
b6WDGtoniTE,How to use the Spring Initializr to Create a Spring Boot Project & Import into Eclipse or IntelliJ,584000,2024-10-29T14:49:48+00:00
Vo7YjQb-gW4,Spring vs Spring Boot vs the Spring Framework: What's the difference? #techtarget,500000,
3y0pOqMEfXk,Spring Batch Tutorial | Spring Boot | ItemProcessor | Batch Architecture,2063000,
xwygpWZoVt8,"Spring Boot, JPA and Hibernate Example",2956000,
Rel5ymzBBFE,"Spring Boot, JPA & Hibernate Project with MySQL & Swagger",2880000,2024-11-05T18:31:14+00:00
dR1gWtG9qeo,How to Get your ChatGPT Open AI API Key,143000,2024-11-11T11:27:32+00:00
NHaVmkqL2Vk,Simple Spring Boot & ChatGPT RESTful Web Application Project in Java with Open AI #SpringAI #OpenAI,990000,2024-11-12T13:32:20+00:00
N2jhITLhxcE,How to use the Bluesky Social App: A Tutorial for Beginners | Posts | Starter Packs | Blocks | Feeds,749000,2024-12-17T14:12:44+00:00
o8r-LadS4oE,How to Install Java on Ubuntu and set JAVA_HOME (2025 UPDATE) #JDK #Ubuntu #Java21 #JRE  #JVM #Linux,319000,2025-01-01T23:37:11+00:00
IdNXFlo5AnM,How to Install Eclipse on Ubuntu (2025 UPDATE),341000,2025-01-02T12:07:12+00:00
7g84kwd2I6Q,Get Started with Eclipse and Ubuntu #techtarget,265000,
RBgjSHj6qx0,Install the Java JDK on Ubuntu,395000,
x-VtjfGWc94,How to install Maven on Windows #apache #jenkins #java #gradle #devops #mvn,257000,2025-01-16T19:23:41+00:00
zKaKIOO9iwg,How to Install Java and set JAVA_HOME on Windows 11 #techtarget,423000,
pdVzgayfGZ4,How to Setup Java in Visual Studio Code [2025 Update] #vscode,526000,2025-01-08T01:21:06+00:00
s_tdoS8cHe0,Install Java's JDK and set JAVA_HOME on Windows,347000,2025-01-15T13:40:54+00:00
bVqk06ltynA,Maven Project Visual Studio #techtarget,451000,
CIGFfBdwT2E,VS Code Install Java #techtarget,317000,
Vqa47RLVdH4,How to Make Your Bluesky Username your Website Domain Name  #godaddy #com #namecheap #bluehost,236000,2025-01-14T01:45:24+00:00
7_AG50u7D6c,How to Setup Your Own Bluesky PDS Server in Minutes #aws #ec2 #personal #data #atprotocol,1353000,2025-01-14T12:02:08+00:00
Ry_Mk_O9CQU,Host Your Own Bluesky PDS Server on AWS #techtarget,1761000,
-Fcb7OT-uC8,Locally Run Huggingface LLMs like Llama on Your Laptop or Desktop with Python,730000,2025-01-28T11:47:37+00:00
UiyVf-McEaQ,How to Run the Deepseek R1 LLM on Windows  (7b mini) #ollama #huggingface,351000,2025-01-29T18:42:43+00:00
i-rdkrpGCfQ,introduction javafx temp,203000,
rZfcfgjR0Rw,"Python, Huggingface Transformers, Local LLMs and Llama",806000,
_TpPTJP56ng,Setup a Bluesky Personal Data Server on AWS,1429000,
iwFacCJDfbs,Learn How to use the Bluesky Python API in Less than 4 Minutes,234000,2025-02-03T22:27:34+00:00
7-P81EKq-r8,2025 Sonarqube Tutorial for Beginners,1085000,2025-02-21T14:36:20+00:00
49AsFDJKjVo,Agile Estimation & Planning Techniques in Software Development #scrum #kanban #userstories #points,521000,2025-02-25T02:49:34+00:00
Urg7tteJRp8,TEST LEARN JAVA,2159000,
pQLJdjdr2MI,KebabCase vs SnakeCase vs CamelCase vs PascalCase,399000,2025-03-03T17:18:38+00:00
fECWXaJd3D8,"Variable Naming Conventions in Java, Python, JavaScript, Rust & Mojo",485000,
yPMs2UzTuso,CamelCase vs PascalCase,521000,
ChAzaFI1ZTs,Introduction to JavaFX tutorial for beginners #techtarget,609000,
YGciHV_Z65Y,Build Your First JavaFX Example Application (For Beginners) #replit #eclipse #intellij #netbeans,685000,2025-03-04T01:03:25+00:00
m1AwL-WYAGA,Story Points to Hours,460000,
0dofsQT_A5U,Advanced JavaFX tutorial #techtarget,1548000,
dJlHpcibo8c,Advanced JavaFX Tutorial for Java GUI Developers and Desktop Programmers,1624000,2025-03-19T02:00:50+00:00
1XEWUFXIOKg,GitHub Copilot Tutorial #techtarget,1241000,
2pFPJYdPM7Q,Introduction to GitHub Copilot Tutorial for Beginners,1317000,2025-04-02T01:54:42+00:00
94ayU53HAP4,"Is GitHub Copilot Free? No, no it's not!",85000,2025-04-02T22:20:24+00:00
y8-SWu3HqwA,What does GitHub Copilot Cost? #techtarget,88000,
iFCHouB0YRE,"How to Download, Install and Use Claude Desktop Tutorial",375000,2025-04-17T19:23:06+00:00
UdioikkKEGw,Claude Desktop Tutorial #techtarget,451000,
ZqMMI_zwJV4,Spring Boot MCP Tutorial 00 #techtarget,1691000,
aeSWCy7Dunc,How to Create an MCP Server for Cursor AI in Java with Spring | Model Context Protocol Tutorial,1767000,2025-04-18T12:52:12+00:00
4wBjmdoENQY,Spring XML Configuration #techtarget,699000,
RrpV2Vlli-4,Logging in Spring,1283000,
UC2CuiiYAlA,Autoconfiguration in Spring Boot,2765000,
VMkw-kmK0zU,How to Allow IAM Users to View Account Billing & Cost Management,175000,2025-06-08T23:25:45+00:00
WxZA7fYLa94,How to Create an AWS Account Alias,228000,2025-06-09T00:16:49+00:00
GvRIds4t14g,How to Quickly  Create Your Free  Tier AWS Account ,373000,2025-06-10T01:28:23+00:00
_nqkjGmI0DE,How to send SMS Text Messages with the AWS SNS Simple Notification Service,602000,2025-06-16T00:47:49+00:00
b-1PT_oK0e0,Send SMS Text Messages with AWS SNS #techtarget,1129000,
1v8EMew-8nE,How to Configure multiple AWS CLI Profiles,311000,2025-06-16T02:50:18+00:00
AZPpjGV_bX4,Amazon S3 Static Website Hosting & Custom Domain Names in AWS Route53,729000,2025-06-16T23:49:10+00:00
j0oR94MDahI,Create an EKS Cluster and Deploy your Docker Containers to Kubernetes in just Minutes,729000,2025-06-17T03:53:46+00:00
coF8J0ttDC4,Create a Kubernetes Cluster in AWS EKS #techtarget,1603000,
ZxOeAL7-y4o,Static WebSite Hosting with AWS S3,729000,
ikyH1vvO34Y,Use AWS Configure to Support Multiple AWS CLI Profiles,311000,
st4qpzz2FGc,Auto Scaling AWS EC2 Instances Made Easy | Autoscaling Groups & Launch Templates,783000,2025-06-18T15:47:39+00:00
2N-L7-MAeuc,"Python, Amazon's Elastic Beanstalk, AWS & Django App Deployments for Beginners",898000,2025-06-21T14:45:49+00:00
CGCUZvG3hvQ,"Node JS, AWS Elastic Beanstalk and How to Deploy React Web Apps to Amazon Web Services",1003000,2025-06-21T16:57:20+00:00
bWnVtgRUjQU,Amazon Elastic Beanstalk | What is it? | How to Deploy to AWS Beanstalk | #java #php #python #docker,58000,2025-06-22T03:32:59+00:00
CLlGEukkkeg,Compare LLMs with Amazon Bedrock (AWS Bedrock) |  Claude vs Deepseek #awscertification #chatGPT #ml,57000,2025-06-22T18:36:53+00:00
cVHH-G77D4c,"Amazon Bedrock, Luma Labs AI Video Generator and AWS as the LLM Dream Machine #free #price #apk #ml",59000,2025-06-22T19:31:19+00:00
qnM207tATSA,"What is EC2 Auto Scaling in AWS? How to Create Launch Templates, Scaling Groups and run Amazon AMIs",60000,2025-06-22T20:30:16+00:00
3vWPeGAlASY,AWS Login to the Amazon Web Services Management Console #awsconsole #s3 #ec2 #eks #ecs #ami #cloud,51000,2025-06-22T20:37:54+00:00
w0VLz0xnNJ0,"AWS Console | Amazon's Management Console for AWS, S3, EC2, EKS, Bedrock, Sagemaker, Lambda & IAM",56000,2025-06-22T21:09:38+00:00
u-Qoh6ts46U,How to Create an AWS Free Tier Account and Register for Amazon Web Services (AWS) #s3 #ec2 #bedrock,56000,2025-06-22T22:21:19+00:00
kT6qmPM_D-w,What is Amazon Bedrock? | AWS Bedrock Pricing Logo Documentation Claude Deepseek Sagemaker Agents,58000,2025-06-23T11:59:21+00:00
ld1zCXhnJCY,AI Guardrails for LLM & GPT Prompts in Amazon Bedrock & Sagemaker | AWS Control Tower Guard Rails,58000,2025-06-23T13:17:27+00:00
v5MW0ErA97A,Free Website Hosting on AWS S3 for Static Sites on the Amazon Free Tier | Domain Names Service #Best,59000,2025-06-23T14:40:27+00:00
DhJstNAHIkw,Amazon EKS Cluster Creation & Deployment to AWS EC2 Kubernetes Pod Instances /w Docker Tutorial ECS,60000,2025-06-24T10:05:58+00:00
ESVltavkvzw,How to Request Model Access in Amazon Bedrock AWS Enable Foundation Model Access #DeepSeek #claude,59000,2025-07-10T07:45:01+00:00
AIPyFS7k-RA,How to Create Cat Videos in the AWS Management Console with Amazon Bedrock & Luma AI Dream Machine,59000,2025-06-24T01:13:30+00:00
9wWlv2bkTxY,"AWS Fargate, ECS, Docker & Container Deployment to Amazon's Elastic Container Service Node JS Java",60000,2025-06-25T10:49:13+00:00
xlTeiX2AjLo,Amazon Bedrock's Video Playground with Luma AI Labs Video Generation Tools | #Sagemake #Midjourney,130000,2025-06-24T11:29:51+00:00
yfA9PBPCitw,AI Guardrails & LLM Filters in Amazon Bedrock | Prompt Attacks | PII & Regex | DeepSeek | Claude,285000,2025-06-24T12:09:17+00:00
7mq3umNTwnU,"AWS Bedrock's Image Playground with Stability AI, Stable Diffusion & Amazon's Titan Image Generator",238000,2025-06-24T12:36:26+00:00
ETKyeHaYcok,AI Watermark Detection for Titan LLM and Nova Canvas Images in the Amazon Bedrock AWS Service,63000,2025-06-24T12:58:04+00:00
bBOVcA2I3YQ,How to Compare any Two LLMs with Amazon Bedrock | Deepseek | Llama | Claude | OpenAI | ChatGPT | AI,153000,2025-06-24T13:49:21+00:00
loOIG0-cL3Q,What is Amazon Bedrock? An Introduction to Generative AI with AWS Bedrock for Beginners | A Tutorial,1106000,2025-06-24T16:46:16+00:00
yfUTfzimoWk,Amazon Bedrock Tutorial,1106000,
UDt9A9bQL1w,What is a VPC in AWS? Virtual Private Cloud + Public Subnets + Security Groups + Internet Gateways,60000,2025-06-25T20:07:48+00:00
-DjUzUiOIuU,How to Create a Public Subnet in AWS VPC Internet Gateway NAT ACL Security Group Endpoints Egress,60000,2025-06-26T08:00:00+00:00
RpYd01VPaSY,What is an Internet Gateway in AWS? VPC Subnet NAT Ingress Route Table Virtual Private Cloud Amazon,60000,2025-06-25T20:41:55+00:00
TC5ama5Ctdg,What is an EC2 Instance? Amazon Elastic Compute Cloud AWS S3 VPN Virtual Private Cloud NAT Gateway,61000,2025-06-27T00:49:47+00:00
eji2fVEQC5Q,How to Create an EC2 Instance in AWS Elastic Cloud Compute Security Groups VPC Subnet Deploy Apache,61000,2025-06-27T17:01:01+00:00
UV1FDL5_z6E,Deploy an Apache Web Server on AWS EC2 Instances Amazon Elastic Cloud Compute Public Private Subnet,59000,2025-07-08T11:30:29+00:00
mZKg3Zh9MFc,How to Deploy AWS EC2 Instances into a Public Subnet on Amazon Internet Gateway Security Groups TCP,59000,2025-07-11T07:00:50+00:00
F0GaQgVKw7w,EC2 Full Form | Amazon Elastic Compute Cloud from AWS,59000,2025-06-26T00:41:33+00:00
0TefAhKqJDU,How Much Does an AWS EC2 Instance Cost Per Month & Pricing Per Year | t2 t3 nano small large xlarge,59000,2025-07-03T09:45:01+00:00
iMQxRBAwp-Q,How Much does S3 Storage Cost in AWS Pricing Standard Intelligent Infrequent Access Glacier Archive,59000,2025-06-27T09:39:45+00:00
7Bl7OlYqfvE,AWS EC2 Spot Instances | How to create a Spot EC2 Instance | Reserved Up Front | Savings Plan Amazon,61000,2025-06-28T02:33:44+00:00
JjqS3BrF90g,Use the AWS Key Management Service KMS to Encrypt and Decrypt Files on EC2 & S3 Symmetric Asymmetric,457000,2025-06-28T03:41:22+00:00
eOSQdapJdCc,How to Create an AWS EC2 Spot Instance | Amazon Web Services,135000,2025-06-28T04:12:25+00:00
WVVFKMGgb2c,How Much does Amazon Bedrock Cost to Prompt Deepseek?,60000,2025-06-28T19:50:50+00:00
IhRrPjwyW0A,Amazon Bedrock Pricing for Image Generation with Stability AI's Stable Diffusion Functional Model,52000,2025-06-30T06:30:08+00:00
FDcnWDyzm5E,AWS Bedrock Pricing for Video Generation with Luma Labs AI Amazon API,55000,2025-07-02T06:15:01+00:00
OhVz9KFwg34,Java Spring Boot AWS Beanstalk Amazon Deployment JAR,61000,2025-06-29T13:27:27+00:00
mQTl9XhpiVw,"Route 53, AWS Beanstalk, Domain Names, DNS, Alias Records and CName Entries for Amazon Hosted Zones",60000,2025-07-01T07:30:22+00:00
0OaF3vl7OFs,"Route 53, Sub Domains, S3 Buckets and Domain Name Mapping in Amazon AWS #subdomain #route53 #bucket",60000,2025-07-20T11:29:38+00:00
-dYXW0Rh7b8,AWS EC2 User Data Script Sample Tutorial | Install Launch Restart Reload Log Script Root Hello World,60000,2025-06-29T17:22:42+00:00
E0IBiVZ8JZA,How to Install AWS CLI & Git on EC2 Instances with a User Data Script Sample S3 Amazon Web Services,59000,2025-07-07T07:30:09+00:00
oMyjV07MBXA,Amazon Machine Image Creation & How to Launch a Custom AWS AMI EC2 Image  in Cloud Computing Linux,59000,2025-06-29T19:06:11+00:00
yupmTeGi0UY,How to Create an AWS AMI for EC2,60000,2025-07-09T09:30:43+00:00
oI3GCNrGAcs,"Java, Spring, AWS & Amazon's Elastic Beanstalk Tutorial",813000,2025-07-01T16:43:53+00:00
YSvNovhyJjM,Deploy Docker Containers to Amazon EKS Clusters | kubeconfig ekstcl yaml example ecs tutorial image,59000,2025-07-14T07:00:29+00:00
kQTFQJm4qis,"Java, Spring Boot, Docker, AWS & EKS Deployment to Amazon's Elastic Kubenernetes Service Tutorial",60000,2025-07-04T06:45:04+00:00
QCf5R2mV75U,AWS Management Console and the Dark Mode Theme How To Tutorial Amazon AWS ECS EKS Bedrock SageMaker,46000,2025-07-15T22:16:37+00:00
w0tZ4jBX0m0,How to Set a Default AWS Region in the Amazon Management Console Login User Settings ECS EKS Bedrock,46000,2025-07-17T08:45:09+00:00
-8TMWSMOhRI,How to Download and Install the AWS CLI Amazon Web Services Command Line Interface ECS EC2 EKS S3,59000,2025-07-16T08:45:00+00:00
910PLUyNW-o,How to Create an AWS Access Key & Secret | Amazon Web Services Console using IAM | CLI Configure S3,60000,2025-07-16T14:45:00+00:00
JzurIO-RZLw,How to Delete AWS Secret Access Keys in IAM Amazon's Management Console Configure CLI S3 EC2 EKS,45000,2025-07-16T19:15:01+00:00
DGOcxrhGqqc,"AWS Parameter Store from Amazon's System Manager (SSM) /w KMS Key Encryption, SecureString & AWS CLI",59000,2025-07-17T20:03:59+00:00
reNsI5GdA30,How to Create an IAM User in AWS Management Console Amazon Web Services EC2 EKS Roles Practitioner,60000,2025-07-18T21:37:33+00:00
hgMHyrBBblI,How to Create AWS IAM Admin Users in Amazon's Management Console Administrator Practitioner Root S3,58000,2025-07-23T07:15:03+00:00
BzRUKk3A3l4,"AWS Batch Tutorial | How to Create Batch Jobs, Job Definitions, Queues & Farget, EC2 & EKS Resources",60000,2025-07-19T14:31:15+00:00
Gw2RuRaoRJg,"AWS Batch, ECS Fargate S3 Bucket CLI Commands | Create Jobs, Encrypt Bucket Files Files Practitioner",59000,2025-07-29T07:30:06+00:00
l59-miF9Dj0,Create an AWS API Gateway & Mock Responses with Mapping Templates | Lambda RESTful ECS Practitioner,59000,2025-07-19T23:56:40+00:00
XAbjvmrbN-A,"How to Create DynamoDB Database Tables to Store NoSQL for EC2, EKS, API Gateways, SNS and SQS Queues",58000,2025-07-20T21:55:18+00:00
v-wEKD3_J2w,How to Create an AWS S3 Bucket Amazon Web Services Practitioner Exam Solution Architect DevOps ECS,59000,2025-07-21T01:36:36+00:00
42KTiSgok1I,AWS S3 Static Website Hosting,60000,2025-07-21T07:15:00+00:00
TMeG69goppE,Create AWS SSL Certificates in Amazon Certificate Manager with Route53 and update DNS TLS HTTPS S3,53000,2025-07-21T10:00:53+00:00
lnYnuy9Usu4,"GitHub Pages Free Website Hosting How-To Guide | Static HTML, CSS & JavaScript Webpages & Content",57000,2025-07-21T20:38:54+00:00
Rt769w5EnCE,Map Your Domain Name to GitHub Pages Free WebSite Hosting Account GoDaddy,60000,2025-07-22T04:15:02+00:00
NHvZVeAxFc4,Tough AWS Solution Architect Certification Professional Exam Question on EC2 & Cluster Placement,61000,2025-07-22T00:58:51+00:00
hNarb554Aiw,AWS Solution Architect Professional Exam Question & Answer on Blue Green Deployment with AMIs & EC2,56000,2025-07-22T11:09:44+00:00
NNSh8ADvRdY,AWS Cloud Practitioner Certification Exam Question & Answer Amazon CLI S3 EC2 Architect DevOps EKS,59000,2025-07-22T13:56:54+00:00
F3kzNl1FC6s,"AWS DevOps Engineer Certification Exam Questions & Answers |API Gateways, Lambda & Mapping Templates",60000,2025-07-22T17:16:45+00:00
aYN7EEO8OqU,AWS Machine Learning & AI Specialty Certification Exam Question and Answer Example Bedrock Sagemaker,58000,2025-07-22T18:27:44+00:00
48v7F6izj00,"AWS Solution Architect Exam Question on Beanstalk, EC2 & Encryption Objectives | EBS IOPS EKS ECS S3",58000,2025-07-23T17:01:30+00:00
7y-oiCbwLUI,Transfer Domain Name to AWS Route53 from GoDaddy #techtarget,613000,
m2b6SzaRuZg,How to Transfer a Domain to AWS Route 53,619000,2025-07-23T20:28:18+00:00
Awnsuyq80xY,Free Website Hosting with GitHub Pages for Beginners,535000,2025-08-11T16:46:50+00:00
rKEu6LUqrQo,Vibe Coding with Copilot,1065000,
ckx19ZtDEOU,Vibe Coding with Replit,882000,
roFSmUxGkZQ,Transfer to AWS #TechTarget,537000,
alC9aA1dkAA,hosting github pages,535000,
ZYRYaPtL4WE,AWS Practitioner Certification Practice Exam,6387000,
r0VUGjkcF8w,"Amazon AI, LLMs and AWS Bedrock Tutorial for Beginners #techtarget #sagemaker #claude #api #deepseek",1088000,
7z3uPemZz9I,"Amazon AI, GPTs, LLMs and Generative AI with AWS Bedrock",1084000,2025-08-18T23:39:06+00:00
62hWLzFT6hw,How to Create an AWS Account | Free Tier,455000,
IxxJlLolj-E,Scrum Master Certification Exam Practice Questions & Answers,5552000,2025-08-19T01:14:22+00:00
ty_Atroh7x4,40 Scrum Product Owner Certification Exam Questions and Answers,3034000,
trtkDkxJcD8,Installing Java 7 & Configuring the JAVA_HOME Environment Variable,351000,2012-02-22T18:37:28+00:00
43RqsxwBVBk,Download and Installation of Liferay Portal 6.1: The Easiest Portal Server to Install,505000,2012-02-22T18:43:22+00:00
agA8WEiqADw,"Why I Love Liferay Portal: Five Neat Things You Can Do ""Out of the Box""",429000,2012-02-23T19:47:03+00:00
shqI1VX5sTY,Simon Maple and Cameron McKenzie Talk About Running WebSphere Liberty on Raspberry Pi,122000,2012-07-13T18:32:41+00:00
y3yymH0J4y8,Almost Lost the Viper GTS in a Single Car Accident on QEW/427,15000,2013-06-28T16:37:55+00:00
lmHwCrdcNp0,Avoiding a car crash at a lights out intersection,29000,2014-01-19T23:10:11+00:00
v01jtbp_SpM,Just another York Regional copper ignoring the constitution. Nothing to see here.,16000,2014-04-05T14:09:49+00:00
x6__VcKDODY,Apparently this is what constitutes a 'Miranda caution?' Nice charter violation York Regional Police,9000,2014-04-05T15:21:48+00:00
Z4J6qvuPPJM,How many times can York Regional Police deny you a lawyer? I counted six by Const. Orshansky,21000,2014-04-05T16:22:48+00:00
V4vt4vti56M,Const. Orshanksy's (YRP) forcible confinement: More Charter Rights Violation in the GTA,51000,2014-04-05T18:07:03+00:00
xdb482JZYww,York Regional Police Const. Konstantin Orshansky Caught Violating Protected Charter Rights,48000,2014-04-05T19:11:15+00:00
Z8u7XmwQsFk,Why carding never works - Illegal Detainment by York PC Konstantin Orshansky & Wu - YRP,39000,2014-04-05T20:27:06+00:00
2aQLEJPjzSo,A Police Record Because You Asked for a Lawyer? How York Police Const Orshansky Treats Citizens,51000,2014-04-05T21:45:58+00:00
iUnOpUbpgP8,Illegally 'Carding' Citizens in Toronto/York  Region - Detained without cause by YRP,74000,2014-04-06T14:32:23+00:00
ge_LieWyN1M,OPP/Cops Chase Two Tuners and a Crotch Rocket Stunt Racing on the 401 - Whitby,43000,2014-05-26T00:25:18+00:00
LRmP8enzYZ8,Raven does a Kamikaze into my Windshield on the 401,12000,2014-06-24T00:48:43+00:00
uec2zIPdZTo,Talking York Regional Police (YRP) Charter Rights Violations with CFRB 1010's Jerry Agar,949000,2014-10-05T19:47:52+00:00
jNg9PGDFXEA,Maple Leafs' Frederik Andersen is the worst NHL goalie playing today,149000,2017-10-14T13:58:21+00:00
POdPLnZV0Fc,The death of Superkickd's Doctor Giggles,109000,2017-10-28T19:24:27+00:00
Qtbq4Ua7qMg,Oshawa Hot Spots on Fire Bloor and Simcoe,12000,2018-01-12T14:33:51+00:00
-mCFI-EyyU0,2nd view of Oshawa fire: Hot Spots Bloor n Simcoe,11000,2018-01-12T14:35:46+00:00
1YQds3jnfl8,Solve the Jenkins 'unable to find valid certification path' error,110000,2018-06-17T17:19:32+00:00
sttqdGLM9Wo,"Find and edit system, global & local Git config files",268000,2018-06-17T20:03:59+00:00
T6YX_XgoYt8,How to cherry-pick a commit with Git,325000,2018-06-17T21:35:23+00:00
jDKFpzm7nfQ,Create an embedded Open Liberty executable JAR for WebSphere,595000,2018-07-06T18:52:50+00:00
YLxdkcT6H4g,"How to change the default Git text editor to Notepad++,  not Vim",251000,2018-07-07T21:27:32+00:00
PRDUK2WRzjo,Example of How to Use the Git Reset Hard Command,420000,2018-07-22T21:16:08+00:00
IHqg-nKOV7M,"Fix the jvm.dll is missing, not found or missing server JVM error in SonarQube",219000,2018-07-24T00:59:10+00:00
XyOF2gE60CM,Jenkins vs. Maven - How Apache Maven and Jenkins CI Compare,279000,2018-07-24T11:52:19+00:00
pn2iwxYGkhA,Getting started with the Nexus Maven repository manager - OSS version 2,386000,2018-08-08T16:36:50+00:00
ve1Kuj93JnI,Bottom Up SOAP Web Service in Eclipse Example,630000,2018-08-08T22:06:42+00:00
zSCSxa7M08E,Create a Top Down SOAP Web Services in Eclipse,354000,2018-08-08T22:51:41+00:00
F-Tb0OFaaKQ,"JFrog artifactory tutorial: Download, setup and JAR deployment",393000,2018-08-09T01:49:50+00:00
hMZfqFjucA8,Fix JFrog Artifactory 2097152KB object heap startup error quickly,88000,2018-09-22T14:40:11+00:00
XbQPp3k83VU,"Not Git, but GitHub Interview Questions",526000,2019-02-02T16:18:51+00:00
TCl-x9camEQ,Jenkins Interview Questions,615000,2019-02-02T16:31:21+00:00
M0UU7TSib7Q,Sample DevOps Interview Questions,577000,2019-02-02T16:41:07+00:00
AlaRlwCekY0,Jenkins Artifactory Integration Example Tutorial: Uploading JARs,622000,2019-02-03T18:39:14+00:00
iqzEPE7DWNE,Simple Java JDeps Example,308000,2019-02-03T19:00:42+00:00
9Ov8Fn8qlaM,Here are the differences between GitHub and Git,282000,2019-02-03T19:07:58+00:00
eB6rrsmwN0Y,How to install Git on Windows in 10 simple steps,393000,2019-03-31T19:28:16+00:00
t6T_ShrP5BU,How to install Apache Tomcat 9 Java web app server on Windows,334000,2019-04-05T20:27:45+00:00
SpXfgONlMg0,Eclipse and Tomcat integration for Java development and testing how to,311000,2019-04-05T21:02:24+00:00
UnmEz99qZgY,Breastfeeding mother removed from courtroom in Montreal,143000,2019-06-14T23:22:02+00:00
CeOrojO7uBU,The Education of Doctor Giggles,23000,2019-06-15T18:44:42+00:00
c93RLW1IyqU,Five things you didn't know about JDBC,191000,2019-07-07T21:20:58+00:00
MsiEpD5hEv8,How to install OpenJDK with the AdoptOpenJDK distribution of Java,284000,2019-07-07T21:27:42+00:00
RNqFqAGxZoU,Hibernate vs JPA compared: Which one should you choose?,373000,2019-07-07T21:30:27+00:00
2XSadHp3K4s,Best Static Code Analysis Tools for Java Code Quality Assurance,380000,2019-07-07T21:33:08+00:00
qi--cSGOCbs,Top Java Test Frameworks,207000,2019-07-07T21:58:31+00:00
m5RUie11ZVQ,Best Java deployment tools,338000,2019-07-07T22:03:25+00:00
GK3r6SDMXT8,The most important Java command line interface tools to know,214000,2019-07-07T22:06:11+00:00
LQ1NTTjI3ZU,Git revert vs reset: What's the difference?,495000,2019-07-14T00:56:20+00:00
Vah0uzR-7EM,Here's how to set JAVA_HOME in Windows 7,18000,2019-07-14T00:57:22+00:00
3yBIRmUJhio,How to deploy Spring Boot microservices to Amazon ECS container service,366000,2019-07-14T00:59:36+00:00
g63IjCK2bgw,Five different ways to upload JAR files to JFrog Artifactory,232000,2019-07-14T01:03:05+00:00
0BSaYwkvcKU,Jenkins Git Plugin Tips Tricks and Examples,246000,2019-07-14T01:05:33+00:00
2nULTLSVDBo,How to quickly deploy from Spring Boot to a Docker container,1012000,2019-07-14T21:31:51+00:00
Pbw0sNu9U-Q,How to use the application.properties file in Spring Boot,707000,2019-07-14T21:39:15+00:00
Ha8jlVEhV9I,JDBC vs Hibernate: What's the difference between Hibernate and JPA?,373000,
thEk-i2OIK4,How to deploy a WAR file to Tomcat using Maven from Apache example tutorial,522000,2019-07-20T19:01:33+00:00
1HgmfMjb7mk,How to deploy a WAR file to Apache Tomcat using Jenkins CI example tutorial,711000,2019-07-20T19:08:37+00:00
Xo1ze70EHys,How to install the Java 13 JDK on Ubuntu in 5 easy steps,348000,2019-09-28T22:15:33+00:00
SFODsZJqBR0,How to install WordPress 5.x on Ubuntu with a Bitnami Stack example,539000,2020-05-24T22:10:44+00:00
yhq8xtAshZc,git stash name example,282000,2020-06-04T00:15:12+00:00
Fo11opVImo8,What is the Hibernate SessionFactory? How do you build it?,361000,2020-06-11T15:26:17+00:00
qKCHSOQYRQI,How to add multiple git worktrees to your repo example,192000,2020-06-11T17:36:00+00:00
wTHuWItH-EQ,Example persistence.xml and hibernate.cfg.xml for MySQL 8 on Hibernate 5 or newer JPA distibutions,214000,2020-06-14T16:43:45+00:00
J3v9z2WJrmA,A Hibernate 5 SchemaExport example: Have Hibernate create tables in your database programatically,323000,2020-06-15T00:54:59+00:00
d0AJKtPgx3M,The Hibernate and JPA CRUD example with Hibernate 5.4 and JPA 2.2,621000,2020-07-10T01:14:53+00:00
_GLutgwhScA,WildFly vs JBoss EAP: How Red Hat's Java application servers compare,251000,2020-07-18T21:17:22+00:00
45dAJi-aoZM,How to Edit Ubuntu's etc Hosts File by Example,73000,2020-07-21T22:08:10+00:00
_Nhg6EPMeF4,How to install GitLab on Ubuntu 20 without 'unable to locate package gitlab-ee gitlab-ce' errors,474000,2020-07-22T00:24:46+00:00
gQuiGEf-leA,How to create GitLab projects. How to delete GitLab projects.,281000,2020-07-22T01:06:12+00:00
l_Fj83MDJ8A,GitLab git clone example,239000,2020-07-22T01:55:57+00:00
1_ZEG7rawjc,GitLab commit push to origin example,266000,2020-07-22T02:32:12+00:00
6furHfBNwPo,Delete folder in Ubuntu example: How to remove a directory in Ubuntu terminal commands recursively,77000,2020-07-22T11:58:11+00:00
_HU1abMFRyE,Essential Git GitLab commands: The 8 GitLab command line instructions every developer must know,531000,2020-07-22T12:49:27+00:00
Kz2iyskwLRA,How to Write a Git Commit Messages Properly with Examples,337000,2020-07-22T17:33:00+00:00
wg4TScLeW_I,GitLab branch and branch permissions example,328000,2020-07-23T15:15:57+00:00
yOqYvGhrK14,Create a new GitLab branch in BASH example,452000,2020-07-23T16:21:05+00:00
A12mtqGzSgI,GitLab merge request example,473000,2020-07-23T17:18:19+00:00
-XE0UuVOWbI,merge develop into master in GitLab example,393000,2020-07-23T17:48:05+00:00
PK8NwbyU7co,A GitLab merge branch to master example,424000,2020-07-23T18:26:12+00:00
EQieinX4rfA,GitLab merge master to branch example,634000,2020-07-23T19:06:22+00:00
YGUyHyyL9Kw,GitLab delete branch example,339000,2020-07-23T20:05:00+00:00
7e6UiZKr0Uc,GitLab delete branch remote example,331000,2020-07-23T20:34:25+00:00
HgiI-8VrxQE,Create a GitLab tag example,234000,2020-07-23T21:07:51+00:00
-B3fW0A3hzY,Why the keyword const in Java is unimplemented explained,426000,2020-07-25T15:09:47+00:00
-7bXx2LS7DM,Top Joe Rogan JRE podcasts for programmers and developers,523000,2020-07-26T15:10:19+00:00
RgIAXF53a8U,The git submodule add example,351000,2020-07-28T15:54:18+00:00
eJrh5IjWSGM,Add git submodules to GitHub example,456000,2020-07-28T17:21:40+00:00
zy8epgWe-no,gitlab add submodule example,493000,2020-07-28T17:40:56+00:00
i7lRIICGPts,How to Use the Git Submodule Init and Update Command by Example,182000,2020-07-28T19:50:11+00:00
6pGxk0B_Ino,How to Use the Remove Git Submodule and Delete it by Example,198000,2020-07-28T20:29:46+00:00
32bEgCzapDc,How to Use the Git Submodule Update Command by Example,341000,2020-07-28T21:20:24+00:00
ZYq3NJnO08U,How to git submodule tutorial,1499000,2020-07-29T11:57:14+00:00
4u6qzxj37h4,Ubuntu git clone example,326000,2020-07-29T19:24:20+00:00
gANGTPn2Ybo,git init bare example,274000,2020-07-29T20:54:46+00:00
mC3BqKKEUFM,How the Git Init Bare and Clone Commands Work,280000,2020-07-29T22:43:55+00:00
JnAbi0J9wT8,How to create a bare git repo with init and update example,281000,2020-07-29T23:11:04+00:00
TiaPwJ6J364,git clone branch example,378000,2020-07-30T00:39:23+00:00
NKtDhJ1zhY4,Git Clone a Specific Branch Example,238000,2020-07-30T01:28:40+00:00
0-M86l49slw,How to Git Clone to a Specific Directory Example with GitHub,114000,2020-07-30T01:56:24+00:00
_wFubY6zwYU,git clone a tag example,189000,2020-07-30T02:22:17+00:00
Z2cvO5JmPnQ,shallow git clone example,257000,2020-07-30T02:47:38+00:00
HnQCcri5hLc,git clone depth 1 example,269000,2020-07-30T03:05:54+00:00
7ATw3guhRXw,git log format examples,533000,2020-07-30T16:22:44+00:00
YLQ4YoAcaCw,git log one line example (oneline),366000,2020-07-30T16:47:01+00:00
OOHjsjX4XJ4,How to Use the Git Log Graph Command by Example,340000,2020-07-30T17:39:39+00:00
reIYhKB8Xrk,git log pretty examples,471000,2020-07-30T18:02:37+00:00
Rwt7W7O0jPE,git log command in terminal examples,515000,2020-07-30T18:24:08+00:00
mxHRlMiwICw,How to set a sudo alias,97000,2020-07-30T19:06:08+00:00
znRVAvQy5FU,create a GitHub repository example,329000,2020-07-30T20:27:47+00:00
vE4KSsuJG2o,delete a GitHub repository example,254000,2020-07-30T20:43:45+00:00
NiGU3Q-7iXw,clone a GitHub repository example,254000,2020-07-30T21:11:57+00:00
62hPkQrhW-M,How to rename a GitHub repository in Git,272000,2020-07-30T21:41:02+00:00
LITy_6FoY-w,Find and use a GitHub repository URL,255000,2020-07-31T03:40:59+00:00
RNd4_-JyktI,How to Revert a Git Commit,412000,2020-07-31T13:56:35+00:00
rPP-EXSm4fw,git undo commits example,388000,2020-07-31T14:35:21+00:00
FSWFgTGTvbM,Git clean up strategies,738000,2020-08-02T23:33:09+00:00
KUal3Lh-xuE,Easily rebase GitHub branches,583000,2020-08-02T23:52:18+00:00
AV7giLHy7js,How to Squash Git Commits,721000,2020-08-03T00:41:59+00:00
5f7vjrIE2NI,git rebase master to branch example,642000,2020-08-03T01:15:27+00:00
k74B8sc3pRo,Git rebase to master example,720000,2020-08-03T01:41:46+00:00
5R0i3OBuUp8,Git config file locations on Windows and Ubuntu,214000,2020-08-04T23:02:47+00:00
N0smppET4vA,Where are git config files on Ubuntu Linux?,370000,2020-08-05T00:56:57+00:00
x8k9CyM23Ek,Why you can't find the gitconfig file,208000,2020-08-05T01:23:30+00:00
oukEr7s7d3E,How to Use the Git Config List Command Example,259000,2020-08-07T18:08:29+00:00
KDrzyFEZ1TQ,How to Remove and Delete Properties from Git Config,262000,2020-08-08T13:07:51+00:00
GYw7-Ld8lns,How to set the Git user.name Property in Git Config,226000,2020-08-08T13:49:29+00:00
YmZxYAimqkY,How to Set the Git Email Property in Git Config,251000,2020-08-08T14:15:12+00:00
aW4ZXonqjKY,How to Configure Your Global Git Config Settings,416000,2020-08-08T16:19:58+00:00
S1Mr0l87IpE,How to Set Your Username and Email in Git Config Example (user.name and user.email),227000,2020-08-08T17:55:24+00:00
IhgnKcbqw5A,How to Show All Your Git Config Properties at Once,259000,2020-08-08T18:35:08+00:00
QVr6vFZujUE,git reflog example,608000,2020-08-09T15:34:33+00:00
zXCfEubhE4k,git log and reflog compared,584000,2020-08-09T15:48:39+00:00
LZaOsT4M6Cc,git status command example,399000,2020-08-09T16:12:20+00:00
up3zKqHePTI,How the Git Working Tree Works by Example,397000,2020-08-09T16:29:01+00:00
PpPM5GnoVTI,git stash list example,486000,2020-08-09T17:32:18+00:00
WJSKompBwds,git stash untracked files example,212000,2020-08-09T23:18:12+00:00
Xk7bR8vYIps,How to Use the Git Clean Command by Example,311000,2020-08-10T00:32:05+00:00
gaUTK3SLlhU,How to git clean Untracked Files with the fdx Switch,314000,2020-08-10T01:00:34+00:00
TxXyfKaM9Mo,Difference between HashMap and Hashtable in Java,383000,2020-08-10T01:33:28+00:00
sXMC_JMo2Uo,git stash changes,393000,2020-08-10T03:17:12+00:00
tvcrrCqLNcg,git stash pop example,418000,2020-08-10T03:35:36+00:00
mG6bILKpKbk,How to install UiPath Studio,106000,2020-08-20T17:57:08+00:00
dvs25P_X5CQ,UiPath Studio Hello World Example,126000,2020-08-20T19:11:09+00:00
KCCBJ711Z5Q,UiPath variables and input boxes example,264000,2020-08-20T19:52:38+00:00
8bIKtEgSKUs,"UiPath Read, Write and Filter CSV Files Example",340000,2020-08-20T21:51:32+00:00
ENjgV6lEbvA,UiPath Keep Filter and Append CSV Example,365000,2020-08-20T22:31:10+00:00
6CCfT8HiwYI,Simple UiPath write to Excel example,306000,2020-08-20T23:16:23+00:00
qIFxtgHg2B0,UiPath Remove Data Column Example,384000,2020-08-20T23:56:37+00:00
5A61BQJlRws,UiPath For Each Row Example,335000,2020-08-21T00:18:59+00:00
b54CbbGwN24,UiPath Get Row Item Example,355000,2020-08-21T01:04:55+00:00
pNohVFIIHVA,Remove duplicate rows in Excel with UiPath Example,333000,2020-08-21T02:03:35+00:00
RJpiufTytTI,Connect UiPath to Outlook Example,385000,2020-08-21T13:20:28+00:00
8o6A9YUEXAg,How to apply Smart Focus in Camtasia 20 Example,96000,2020-08-21T13:30:52+00:00
xrB8aIJE5Cs,How to read Outlook email subjects in UiPath Studio example,385000,2020-08-21T13:57:36+00:00
-7u9uHUnoJc,UiPath Get Outlook Mail Messages Body Example,360000,2020-08-21T15:11:49+00:00
zrCx_-EB74Y,UiPath Get Outlook Message Filter Example,489000,2020-08-21T16:15:57+00:00
xd8m9L-9Ke0,The UiPath Gmail Example,450000,2020-08-21T22:25:21+00:00
djvOK2X0zqo,Download Gmail attachments with UiPath Studio Example,452000,2020-08-21T23:02:34+00:00
ysMR57EZ0GM,Get IMAP messages in UiPath example,512000,2020-08-21T23:18:00+00:00
fnK69RWE5JE,UiPath Save Attachments and Filter Example,412000,2020-08-21T23:57:40+00:00
CGuAo2NM2Zk,UiPath Do While Number Guesser Game Challenge Project,333000,2020-08-22T17:48:55+00:00
iGU3Lzzv8wg,How to create UiPath Sequence Projects Example,348000,2020-08-22T18:04:49+00:00
vjiqJ5Q8IvI,Introduction to UiPath Programming,374000,2020-08-22T18:19:27+00:00
Zvoq06Mhf7Q,Fix Git clone's fatal setting SSL certificate error,60000,2020-08-22T18:32:52+00:00
gs8m1P2bO7k,UiPath Try Catch Finally Tutorial,301000,2020-08-22T19:09:34+00:00
Yy-IEHLIjzo,UiPath Exception Handling Example,325000,2020-08-22T19:24:14+00:00
vUeRlhzz0wg,UiPath Nested If Then Else Example,436000,2020-08-22T20:09:12+00:00
fFK-_69rKkk,UiPath Logging Example,201000,2020-08-22T20:52:59+00:00
9LHSes2-RwA,Get All Files in a Directory with UiPath Directory.GetFiles Example,230000,2020-08-22T23:00:43+00:00
2IA8mvgIZMI,How to use UiPath Select Folder to get all files in a Directory Example,290000,2020-08-22T23:59:07+00:00
AGeKwA4JxRY,UiPath Get All PDF Files in a Directory Example,448000,2020-08-23T00:54:49+00:00
H5H9gj5GDJk,How to change Adobe reading order to Infer,92000,2020-08-23T01:11:35+00:00
Zl3HMpdcsXA,Introduction to PDF Text Data Extraction with UiPath Example,482000,2020-08-23T02:09:54+00:00
rjtHXD2nI8Q,UiPath Anchor Base Tutorial,660000,2020-08-23T22:29:02+00:00
6c1Tda0F0WI,UiPath Data Scraping Example,549000,2020-08-23T23:18:39+00:00
AetgInrwM1s,Text Data Extraction in Multiple PDF files with UiPath Example,666000,2020-08-24T01:00:39+00:00
OLTW85hCF10,Screen Scrape Multiple PDF Files with UiPath Example,477000,2020-08-24T02:19:15+00:00
pD50eAZcaWA,UiPath Remove or Delete Empty Rows Example,227000,2020-08-24T12:33:21+00:00
k5eG8vc8u_8,UiPath Data Scrape PDFs into Excel Example,542000,2020-08-24T13:36:08+00:00
50uhx0uJ8MY,How to create and build a DataTable in UiPath Example,425000,2020-08-24T14:50:30+00:00
kdqpTZgxiU8,Add Rows to DataTables in UiPath,435000,2020-08-24T14:59:37+00:00
QjDV38pqhqs,How to Save UiPath DataTables to Excel Example,450000,2020-08-24T15:06:30+00:00
hFf3UQtJyGQ,How to use UiPath Append Range with Excel Example,545000,2020-08-24T15:48:20+00:00
Fuy6a_IqcTU,UiPath Extract PDF Text & Save to Excel Example,1040000,2020-08-24T16:37:16+00:00
DGD-R5vhcm4,UiPath Invoice Processing Demo,1025000,2020-08-24T17:37:06+00:00
-yVXW1MmG7I,UiPath Set Reading Order to Inferred for Adobe,259000,2020-08-24T18:30:17+00:00
JUR5nJEXEk4,How to Maximize Document Windows in a UiPath Sequence,110000,2020-08-24T18:56:34+00:00
YaNhaNMm9iY,How to use UiPath Hotkeys Example,97000,2020-08-24T19:02:49+00:00
Eu3x-O2FdxA,How to move files between folders in UiPath Example,213000,2020-08-24T21:24:44+00:00
UBHauJVXs-g,How to UiPath Move Invoices to a New Directory After Processing,235000,2020-08-24T21:35:02+00:00
RKh9QDkor-g,UiPath OCR Image Example,465000,2020-08-25T03:52:01+00:00
gkKiemETAwI,How to get text from a JPEG image in UiPath Example,456000,2020-08-25T04:06:17+00:00
hUp_h2RaCBE,How to Process Scanned Image Invoices with UiPath Example,462000,2020-08-25T04:12:15+00:00
zRdpHd9qClU,OCR with UiPath and Google Cloud Vision Example,372000,2020-08-25T14:41:47+00:00
qYWHWapGLvU,How to Automate Google Cloud Vision OCR Example,363000,2020-08-25T15:00:45+00:00
